,0,1,2,3,4,5,6,7,8,9,10,11,12,13,14,15,16,17,18,19,20,21,22,23,24,25,26,27,28,29,30,31,32,33,34,35,36,37,38,39,40,41,42,43,44,45,46,47,48,49,50,51,52,53,54,55,56,57,58,59,60,61,62,63,64,65,66,67,68,69,70,71,72,73,74,75,76,77,78,79,80,81,82,83,84,85,86,87,88,89,90,91,92,93,94,95,96,97,98,99,100,101,102,103,104,105,106,107,108,109,110
0,(16.666666666666668-16.666666666666668j),0j,0j,(-16.666666666666668+16.666666666666668j),(-0-0j),(-0-0j),0j,0j,0j,0j,0j,0j,0j,0j,0j,0j,0j,0j,0j,0j,0j,0j,0j,0j,0j,0j,0j,0j,0j,0j,0j,0j,0j,0j,0j,0j,0j,0j,0j,0j,0j,0j,0j,0j,0j,0j,0j,0j,0j,0j,0j,0j,0j,0j,0j,0j,0j,0j,0j,0j,0j,0j,0j,0j,0j,0j,0j,0j,0j,0j,0j,0j,0j,0j,0j,0j,0j,0j,0j,0j,0j,0j,0j,0j,0j,0j,0j,0j,0j,0j,0j,0j,0j,0j,0j,0j,0j,0j,0j,0j,0j,0j,0j,0j,0j,0j,0j,0j,0j,0j,0j
1,0j,(16.666666666666668-16.666666666666668j),0j,(-0-0j),(-16.666666666666668+16.666666666666668j),(-0-0j),0j,0j,0j,0j,0j,0j,0j,0j,0j,0j,0j,0j,0j,0j,0j,0j,0j,0j,0j,0j,0j,0j,0j,0j,0j,0j,0j,0j,0j,0j,0j,0j,0j,0j,0j,0j,0j,0j,0j,0j,0j,0j,0j,0j,0j,0j,0j,0j,0j,0j,0j,0j,0j,0j,0j,0j,0j,0j,0j,0j,0j,0j,0j,0j,0j,0j,0j,0j,0j,0j,0j,0j,0j,0j,0j,0j,0j,0j,0j,0j,0j,0j,0j,0j,0j,0j,0j,0j,0j,0j,0j,0j,0j,0j,0j,0j,0j,0j,0j,0j,0j,0j,0j,0j,0j
2,0j,0j,(16.666666666666668-16.666666666666668j),(-0-0j),(-0-0j),(-16.666666666666668+16.666666666666668j),0j,0j,0j,0j,0j,0j,0j,0j,0j,0j,0j,0j,0j,0j,0j,0j,0j,0j,0j,0j,0j,0j,0j,0j,0j,0j,0j,0j,0j,0j,0j,0j,0j,0j,0j,0j,0j,0j,0j,0j,0j,0j,0j,0j,0j,0j,0j,0j,0j,0j,0j,0j,0j,0j,0j,0j,0j,0j,0j,0j,0j,0j,0j,0j,0j,0j,0j,0j,0j,0j,0j,0j,0j,0j,0j,0j,0j,0j,0j,0j,0j,0j,0j,0j,0j,0j,0j,0j,0j,0j,0j,0j,0j,0j,0j,0j,0j,0j,0j,0j,0j,0j,0j,0j,0j
3,(-16.666666666666668+16.666666666666668j),(-0-0j),(-0-0j),(252.19407353210377+41.52817499466718j),0j,0j,(-25.555883610473234+15.991926325812866j),(-99.72612944519709-19.95746973550292j),(-110.24539380976678-54.22929825164379j),0j,0j,0j,0j,0j,0j,0j,0j,0j,0j,0j,0j,0j,0j,0j,0j,0j,0j,0j,0j,0j,0j,0j,0j,0j,0j,0j,0j,0j,0j,0j,0j,0j,0j,0j,0j,0j,0j,0j,0j,0j,0j,0j,0j,0j,0j,0j,0j,0j,0j,0j,0j,0j,0j,0j,0j,0j,0j,0j,0j,0j,0j,0j,0j,0j,0j,0j,0j,0j,0j,0j,0j,0j,0j,0j,0j,0j,0j,0j,0j,0j,0j,0j,0j,0j,0j,0j,0j,0j,0j,0j,0j,0j,0j,0j,0j,0j,0j,0j,0j,0j,0j
4,(-0-0j),(-16.666666666666668+16.666666666666668j),(-0-0j),0j,(243.88114475240764+6.682492277347489j),0j,(-99.72612944519709-19.95746973550292j),(-27.76221919534677+16.56578052699168j),(-99.72612944519709-19.95746973550292j),0j,0j,0j,0j,0j,0j,0j,0j,0j,0j,0j,0j,0j,0j,0j,0j,0j,0j,0j,0j,0j,0j,0j,0j,0j,0j,0j,0j,0j,0j,0j,0j,0j,0j,0j,0j,0j,0j,0j,0j,0j,0j,0j,0j,0j,0j,0j,0j,0j,0j,0j,0j,0j,0j,0j,0j,0j,0j,0j,0j,0j,0j,0j,0j,0j,0j,0j,0j,0j,0j,0j,0j,0j,0j,0j,0j,0j,0j,0j,0j,0j,0j,0j,0j,0j,0j,0j,0j,0j,0j,0j,0j,0j,0j,0j,0j,0j,0j,0j,0j,0j,0j
5,(-0-0j),(-0-0j),(-16.666666666666668+16.666666666666668j),0j,0j,(252.1940735321038+41.52817499466718j),(-110.24539380976678-54.22929825164379j),(-99.72612944519709-19.95746973550292j),(-25.555883610473234+15.991926325812866j),0j,0j,0j,0j,0j,0j,0j,0j,0j,0j,0j,0j,0j,0j,0j,0j,0j,0j,0j,0j,0j,0j,0j,0j,0j,0j,0j,0j,0j,0j,0j,0j,0j,0j,0j,0j,0j,0j,0j,0j,0j,0j,0j,0j,0j,0j,0j,0j,0j,0j,0j,0j,0j,0j,0j,0j,0j,0j,0j,0j,0j,0j,0j,0j,0j,0j,0j,0j,0j,0j,0j,0j,0j,0j,0j,0j,0j,0j,0j,0j,0j,0j,0j,0j,0j,0j,0j,0j,0j,0j,0j,0j,0j,0j,0j,0j,0j,0j,0j,0j,0j,0j
6,0j,0j,0j,(-25.555883610473234+15.991926325812866j),(-99.72612944519709-19.95746973550292j),(-110.24539380976678-54.22929825164379j),(748.1316024227899-45.16854308640665j),0j,0j,(-18.586097171253265+11.630491873318448j),(-72.52809414196152-14.514523444002123j),(-80.17846822528493-39.43948963755912j),0j,0j,0j,(-17.020395844110663+6.302225608944755j),(-61.02802211562989+32.108901720329484j),(-69.42411728100394+29.920300647091214j),0j,0j,0j,0j,0j,0j,0j,0j,0j,0j,0j,0j,0j,0j,0j,0j,0j,0j,0j,0j,0j,(-27.440309034934838+14.239857340098759j),(-77.87250183284499+33.74848108584188j),(-88.52618991032868+29.36713955367719j),0j,0j,0j,0j,0j,0j,0j,0j,0j,0j,0j,0j,0j,0j,0j,0j,0j,0j,0j,0j,0j,0j,0j,0j,0j,0j,0j,0j,0j,0j,0j,0j,0j,0j,0j,0j,0j,0j,0j,0j,0j,0j,0j,0j,0j,0j,0j,0j,0j,0j,0j,0j,0j,0j,0j,0j,0j,0j,0j,0j,0j,0j,0j,0j,0j,0j,0j,0j,0j
7,0j,0j,0j,(-99.72612944519709-19.95746973550292j),(-27.76221919534677+16.56578052699168j),(-99.72612944519709-19.95746973550292j),0j,(715.3905838641324-111.00027732880935j),0j,(-72.52809414196152-14.514523444002123j),(-20.190704869343104+12.04784038326667j),(-72.52809414196152-14.514523444002123j),0j,0j,0j,(-61.02802211562989+32.108901720329484j),(-17.13460088976972+6.016792167387338j),(-61.02802211562989+32.108901720329484j),0j,0j,0j,0j,0j,0j,0j,0j,0j,0j,0j,0j,0j,0j,0j,0j,0j,0j,0j,0j,0j,(-77.87250183284499+33.74848108584188j),(-27.993563838405855+13.599084997831012j),(-77.87250183284499+33.74848108584188j),0j,0j,0j,0j,0j,0j,0j,0j,0j,0j,0j,0j,0j,0j,0j,0j,0j,0j,0j,0j,0j,0j,0j,0j,0j,0j,0j,0j,0j,0j,0j,0j,0j,0j,0j,0j,0j,0j,0j,0j,0j,0j,0j,0j,0j,0j,0j,0j,0j,0j,0j,0j,0j,0j,0j,0j,0j,0j,0j,0j,0j,0j,0j,0j,0j,0j,0j,0j,0j
8,0j,0j,0j,(-110.24539380976678-54.22929825164379j),(-99.72612944519709-19.95746973550292j),(-25.555883610473234+15.991926325812866j),0j,0j,(748.1316024227898-45.16854308640664j),(-80.17846822528493-39.43948963755912j),(-72.52809414196152-14.514523444002123j),(-18.586097171253265+11.630491873318448j),0j,0j,0j,(-69.42411728100394+29.920300647091214j),(-61.02802211562989+32.108901720329484j),(-17.020395844110663+6.302225608944755j),0j,0j,0j,0j,0j,0j,0j,0j,0j,0j,0j,0j,0j,0j,0j,0j,0j,0j,0j,0j,0j,(-88.52618991032868+29.36713955367719j),(-77.87250183284499+33.74848108584188j),(-27.440309034934838+14.239857340098759j),0j,0j,0j,0j,0j,0j,0j,0j,0j,0j,0j,0j,0j,0j,0j,0j,0j,0j,0j,0j,0j,0j,0j,0j,0j,0j,0j,0j,0j,0j,0j,0j,0j,0j,0j,0j,0j,0j,0j,0j,0j,0j,0j,0j,0j,0j,0j,0j,0j,0j,0j,0j,0j,0j,0j,0j,0j,0j,0j,0j,0j,0j,0j,0j,0j,0j,0j,0j,0j
9,0j,0j,0j,0j,0j,0j,(-18.586097171253265+11.630491873318448j),(-72.52809414196152-14.514523444002123j),(-80.17846822528493-39.43948963755912j),(533.3836187399389-117.97547887347034j),0j,0j,0j,0j,0j,0j,0j,0j,0j,0j,0j,0j,0j,0j,0j,0j,0j,0j,0j,0j,0j,0j,0j,0j,0j,0j,0j,0j,0j,0j,0j,0j,0j,0j,0j,0j,0j,0j,0j,0j,0j,0j,0j,0j,0j,0j,0j,0j,0j,0j,(-28.367326406851102+10.503709348241257j),(-101.71337019271648+53.51483620054914j),(-115.70686213500656+49.86716774515204j),0j,0j,0j,0j,0j,0j,(-16.464185420960902+8.543914404059256j),(-46.723501099706986+20.249088651505122j),(-53.115713946197204+17.620283732206314j),0j,0j,0j,0j,0j,0j,0j,0j,0j,0j,0j,0j,0j,0j,0j,0j,0j,0j,0j,0j,0j,0j,0j,0j,0j,0j,0j,0j,0j,0j,0j,0j,0j,0j,0j,0j,0j,0j,0j
10,0j,0j,0j,0j,0j,0j,(-72.52809414196152-14.514523444002123j),(-20.190704869343104+12.04784038326667j),(-72.52809414196152-14.514523444002123j),0j,(507.47444219077283-148.73408114371512j),0j,0j,0j,0j,0j,0j,0j,0j,0j,0j,0j,0j,0j,0j,0j,0j,0j,0j,0j,0j,0j,0j,0j,0j,0j,0j,0j,0j,0j,0j,0j,0j,0j,0j,0j,0j,0j,0j,0j,0j,0j,0j,0j,0j,0j,0j,0j,0j,0j,(-101.71337019271648+53.51483620054914j),(-28.557668149616205+10.027986945645562j),(-101.71337019271648+53.51483620054914j),0j,0j,0j,0j,0j,0j,(-46.723501099706986+20.249088651505122j),(-16.79613830304351+8.159450998698606j),(-46.723501099706986+20.249088651505122j),0j,0j,0j,0j,0j,0j,0j,0j,0j,0j,0j,0j,0j,0j,0j,0j,0j,0j,0j,0j,0j,0j,0j,0j,0j,0j,0j,0j,0j,0j,0j,0j,0j,0j,0j,0j,0j,0j,0j
11,0j,0j,0j,0j,0j,0j,(-80.17846822528493-39.43948963755912j),(-72.52809414196152-14.514523444002123j),(-18.586097171253265+11.630491873318448j),0j,0j,(533.3836187399389-117.97547887347034j),0j,0j,0j,0j,0j,0j,0j,0j,0j,0j,0j,0j,0j,0j,0j,0j,0j,0j,0j,0j,0j,0j,0j,0j,0j,0j,0j,0j,0j,0j,0j,0j,0j,0j,0j,0j,0j,0j,0j,0j,0j,0j,0j,0j,0j,0j,0j,0j,(-115.70686213500656+49.86716774515204j),(-101.71337019271648+53.51483620054914j),(-28.367326406851102+10.503709348241257j),0j,0j,0j,0j,0j,0j,(-53.115713946197204+17.620283732206314j),(-46.723501099706986+20.249088651505122j),(-16.464185420960902+8.543914404059256j),0j,0j,0j,0j,0j,0j,0j,0j,0j,0j,0j,0j,0j,0j,0j,0j,0j,0j,0j,0j,0j,0j,0j,0j,0j,0j,0j,0j,0j,0j,0j,0j,0j,0j,0j,0j,0j,0j,0j
12,0j,0j,0j,0j,0j,0j,0j,0j,0j,0j,0j,0j,(958.7864578617923-430.020897420083j),0j,0j,0j,0j,0j,0j,0j,0j,0j,0j,0j,0j,0j,0j,0j,0j,0j,0j,0j,0j,0j,0j,0j,0j,0j,0j,(-18.997137024185655+9.858362773914525j),(-53.911732038123446+23.36433305942899j),(-61.287362245612165+20.33109661408421j),(-85.10197922055332+31.511128044723776j),(-305.1401105781494+160.5445086016474j),(-347.12058640501965+149.60150323545608j),0j,0j,0j,(-12.348139065720677+6.407935803044442j),(-35.04262582478024+15.186816488628839j),(-39.836785459647906+13.215212799154735j),0j,0j,0j,0j,0j,0j,0j,0j,0j,0j,0j,0j,0j,0j,0j,0j,0j,0j,0j,0j,0j,0j,0j,0j,0j,0j,0j,0j,0j,0j,0j,0j,0j,0j,0j,0j,0j,0j,0j,0j,0j,0j,0j,0j,0j,0j,0j,0j,0j,0j,0j,0j,0j,0j,0j,0j,0j,0j,0j,0j
13,0j,0j,0j,0j,0j,0j,0j,0j,0j,0j,0j,0j,0j,(905.8392046386723-443.80961653771567j),0j,0j,0j,0j,0j,0j,0j,0j,0j,0j,0j,0j,0j,0j,0j,0j,0j,0j,0j,0j,0j,0j,0j,0j,0j,(-53.911732038123446+23.36433305942899j),(-19.38015958043482+9.414751152344547j),(-53.911732038123446+23.36433305942899j),(-305.1401105781494+160.5445086016474j),(-85.67300444884862+30.083960836936683j),(-305.1401105781494+160.5445086016474j),0j,0j,0j,(-35.04262582478024+15.186816488628839j),(-12.597103727282633+6.119588249023956j),(-35.04262582478024+15.186816488628839j),0j,0j,0j,0j,0j,0j,0j,0j,0j,0j,0j,0j,0j,0j,0j,0j,0j,0j,0j,0j,0j,0j,0j,0j,0j,0j,0j,0j,0j,0j,0j,0j,0j,0j,0j,0j,0j,0j,0j,0j,0j,0j,0j,0j,0j,0j,0j,0j,0j,0j,0j,0j,0j,0j,0j,0j,0j,0j,0j,0j
14,0j,0j,0j,0j,0j,0j,0j,0j,0j,0j,0j,0j,0j,0j,(958.7864578617923-430.020897420083j),0j,0j,0j,0j,0j,0j,0j,0j,0j,0j,0j,0j,0j,0j,0j,0j,0j,0j,0j,0j,0j,0j,0j,0j,(-61.287362245612165+20.33109661408421j),(-53.911732038123446+23.36433305942899j),(-18.997137024185655+9.858362773914525j),(-347.12058640501965+149.60150323545608j),(-305.1401105781494+160.5445086016474j),(-85.10197922055332+31.511128044723776j),0j,0j,0j,(-39.836785459647906+13.215212799154735j),(-35.04262582478024+15.186816488628839j),(-12.348139065720677+6.407935803044442j),0j,0j,0j,0j,0j,0j,0j,0j,0j,0j,0j,0j,0j,0j,0j,0j,0j,0j,0j,0j,0j,0j,0j,0j,0j,0j,0j,0j,0j,0j,0j,0j,0j,0j,0j,0j,0j,0j,0j,0j,0j,0j,0j,0j,0j,0j,0j,0j,0j,0j,0j,0j,0j,0j,0j,0j,0j,0j,0j,0j
15,0j,0j,0j,0j,0j,0j,(-17.020395844110663+6.302225608944755j),(-61.02802211562989+32.108901720329484j),(-69.42411728100394+29.920300647091214j),0j,0j,0j,0j,0j,0j,(577.6007630262493-267.63142624076465j),0j,0j,0j,0j,0j,0j,0j,0j,0j,0j,0j,0j,0j,0j,0j,0j,0j,0j,0j,0j,(-28.367326406851102+10.503709348241257j),(-101.71337019271648+53.51483620054914j),(-115.70686213500656+49.86716774515204j),0j,0j,0j,0j,0j,0j,0j,0j,0j,0j,0j,0j,0j,0j,0j,0j,0j,0j,0j,0j,0j,0j,0j,0j,0j,0j,0j,0j,0j,0j,0j,0j,0j,0j,0j,0j,0j,0j,0j,0j,0j,0j,0j,0j,0j,0j,0j,0j,0j,0j,0j,0j,0j,0j,0j,0j,0j,0j,0j,0j,0j,0j,0j,(-21.27549480513833+7.877782011180944j),(-76.28502764453735+40.13612715041185j),(-86.78014660125491+37.40037580886402j),0j,0j,0j,0j,0j,0j
16,0j,0j,0j,0j,0j,0j,(-61.02802211562989+32.108901720329484j),(-17.13460088976972+6.016792167387338j),(-61.02802211562989+32.108901720329484j),0j,0j,0j,0j,0j,0j,0j,(545.1633600573656-275.08549946484806j),0j,0j,0j,0j,0j,0j,0j,0j,0j,0j,0j,0j,0j,0j,0j,0j,0j,0j,0j,(-101.71337019271648+53.51483620054914j),(-28.557668149616205+10.027986945645562j),(-101.71337019271648+53.51483620054914j),0j,0j,0j,0j,0j,0j,0j,0j,0j,0j,0j,0j,0j,0j,0j,0j,0j,0j,0j,0j,0j,0j,0j,0j,0j,0j,0j,0j,0j,0j,0j,0j,0j,0j,0j,0j,0j,0j,0j,0j,0j,0j,0j,0j,0j,0j,0j,0j,0j,0j,0j,0j,0j,0j,0j,0j,0j,0j,0j,0j,0j,0j,0j,(-76.28502764453735+40.13612715041185j),(-21.418251112212154+7.520990209234171j),(-76.28502764453735+40.13612715041185j),0j,0j,0j,0j,0j,0j
17,0j,0j,0j,0j,0j,0j,(-69.42411728100394+29.920300647091214j),(-61.02802211562989+32.108901720329484j),(-17.020395844110663+6.302225608944755j),0j,0j,0j,0j,0j,0j,0j,0j,(577.6007630262492-267.6314262407647j),0j,0j,0j,0j,0j,0j,0j,0j,0j,0j,0j,0j,0j,0j,0j,0j,0j,0j,(-115.70686213500656+49.86716774515204j),(-101.71337019271648+53.51483620054914j),(-28.367326406851102+10.503709348241257j),0j,0j,0j,0j,0j,0j,0j,0j,0j,0j,0j,0j,0j,0j,0j,0j,0j,0j,0j,0j,0j,0j,0j,0j,0j,0j,0j,0j,0j,0j,0j,0j,0j,0j,0j,0j,0j,0j,0j,0j,0j,0j,0j,0j,0j,0j,0j,0j,0j,0j,0j,0j,0j,0j,0j,0j,0j,0j,0j,0j,0j,0j,0j,(-86.78014660125491+37.40037580886402j),(-76.28502764453735+40.13612715041185j),(-21.27549480513833+7.877782011180944j),0j,0j,0j,0j,0j,0j
18,0j,0j,0j,0j,0j,0j,0j,0j,0j,0j,0j,0j,0j,0j,0j,0j,0j,0j,(326.9784508107858-144.02961246829275j),0j,0j,0j,0j,0j,0j,0j,0j,0j,0j,0j,0j,0j,0j,0j,0j,0j,0j,0j,0j,0j,0j,0j,0j,0j,0j,0j,0j,0j,(-16.464185420960902+8.543914404059256j),(-46.723501099706986+20.249088651505122j),(-53.115713946197204+17.620283732206314j),0j,0j,0j,0j,0j,0j,(-24.314851205872372+9.003179441349651j),(-87.18288873661412+45.86985960047068j),(-99.17731040143418+42.74328663870174j),0j,0j,0j,0j,0j,0j,0j,0j,0j,0j,0j,0j,0j,0j,0j,0j,0j,0j,0j,0j,0j,0j,0j,0j,0j,0j,0j,0j,0j,0j,0j,0j,0j,0j,0j,0j,0j,0j,0j,0j,0j,0j,0j,0j,0j,0j,0j,0j,0j,0j,0j
19,0j,0j,0j,0j,0j,0j,0j,0j,0j,0j,0j,0j,0j,0j,0j,0j,0j,0j,0j,(309.0869192467853-148.99276488463212j),0j,0j,0j,0j,0j,0j,0j,0j,0j,0j,0j,0j,0j,0j,0j,0j,0j,0j,0j,0j,0j,0j,0j,0j,0j,0j,0j,0j,(-46.723501099706986+20.249088651505122j),(-16.79613830304351+8.159450998698606j),(-46.723501099706986+20.249088651505122j),0j,0j,0j,0j,0j,0j,(-87.18288873661412+45.86985960047068j),(-24.4780012710996+8.595417381981909j),(-87.18288873661412+45.86985960047068j),0j,0j,0j,0j,0j,0j,0j,0j,0j,0j,0j,0j,0j,0j,0j,0j,0j,0j,0j,0j,0j,0j,0j,0j,0j,0j,0j,0j,0j,0j,0j,0j,0j,0j,0j,0j,0j,0j,0j,0j,0j,0j,0j,0j,0j,0j,0j,0j,0j,0j,0j
20,0j,0j,0j,0j,0j,0j,0j,0j,0j,0j,0j,0j,0j,0j,0j,0j,0j,0j,0j,0j,(326.9784508107858-144.02961246829275j),0j,0j,0j,0j,0j,0j,0j,0j,0j,0j,0j,0j,0j,0j,0j,0j,0j,0j,0j,0j,0j,0j,0j,0j,0j,0j,0j,(-53.115713946197204+17.620283732206314j),(-46.723501099706986+20.249088651505122j),(-16.464185420960902+8.543914404059256j),0j,0j,0j,0j,0j,0j,(-99.17731040143418+42.74328663870174j),(-87.18288873661412+45.86985960047068j),(-24.314851205872372+9.003179441349651j),0j,0j,0j,0j,0j,0j,0j,0j,0j,0j,0j,0j,0j,0j,0j,0j,0j,0j,0j,0j,0j,0j,0j,0j,0j,0j,0j,0j,0j,0j,0j,0j,0j,0j,0j,0j,0j,0j,0j,0j,0j,0j,0j,0j,0j,0j,0j,0j,0j,0j,0j
21,0j,0j,0j,0j,0j,0j,0j,0j,0j,0j,0j,0j,0j,0j,0j,0j,0j,0j,0j,0j,0j,(633.3107348629987-293.44465256059306j),0j,0j,0j,0j,0j,0j,0j,0j,0j,0j,0j,0j,0j,0j,0j,0j,0j,0j,0j,0j,0j,0j,0j,0j,0j,0j,(-7.40017210613507+2.7400980908455463j),(-26.533922658969516+13.960392052317166j),(-30.18439881782779+13.008826368300525j),(-56.734652813702205+21.007418696482514j),(-203.42674038543296+107.02967240109828j),(-231.41372427001312+99.73433549030408j),(-8.958103075847715+3.316960846813029j),(-32.1200116398052+16.899421958068142j),(-36.53900909526523+15.7475266563638j),0j,0j,0j,0j,0j,0j,0j,0j,0j,0j,0j,0j,0j,0j,0j,0j,0j,0j,0j,0j,0j,0j,0j,0j,0j,0j,0j,0j,0j,0j,0j,0j,0j,0j,0j,0j,0j,0j,0j,0j,0j,0j,0j,0j,0j,0j,0j,0j,0j,0j,0j,0j,0j,0j
22,0j,0j,0j,0j,0j,0j,0j,0j,0j,0j,0j,0j,0j,0j,0j,0j,0j,0j,0j,0j,0j,0j,(597.7447231360763-301.6176760284521j),0j,0j,0j,0j,0j,0j,0j,0j,0j,0j,0j,0j,0j,0j,0j,0j,0j,0j,0j,0j,0j,0j,0j,0j,0j,(-26.533922658969516+13.960392052317166j),(-7.449826473812924+2.615996594516234j),(-26.533922658969516+13.960392052317166j),(-203.42674038543296+107.02967240109828j),(-57.11533629923241+20.055973891291124j),(-203.42674038543296+107.02967240109828j),(-32.1200116398052+16.899421958068142j),(-9.018210994615643+3.1667327196775448j),(-32.1200116398052+16.899421958068142j),0j,0j,0j,0j,0j,0j,0j,0j,0j,0j,0j,0j,0j,0j,0j,0j,0j,0j,0j,0j,0j,0j,0j,0j,0j,0j,0j,0j,0j,0j,0j,0j,0j,0j,0j,0j,0j,0j,0j,0j,0j,0j,0j,0j,0j,0j,0j,0j,0j,0j,0j,0j,0j,0j
23,0j,0j,0j,0j,0j,0j,0j,0j,0j,0j,0j,0j,0j,0j,0j,0j,0j,0j,0j,0j,0j,0j,0j,(633.3107348629987-293.4446525605931j),0j,0j,0j,0j,0j,0j,0j,0j,0j,0j,0j,0j,0j,0j,0j,0j,0j,0j,0j,0j,0j,0j,0j,0j,(-30.18439881782779+13.008826368300525j),(-26.533922658969516+13.960392052317166j),(-7.40017210613507+2.7400980908455463j),(-231.41372427001312+99.73433549030408j),(-203.42674038543296+107.02967240109828j),(-56.734652813702205+21.007418696482514j),(-36.53900909526523+15.7475266563638j),(-32.1200116398052+16.899421958068142j),(-8.958103075847715+3.316960846813029j),0j,0j,0j,0j,0j,0j,0j,0j,0j,0j,0j,0j,0j,0j,0j,0j,0j,0j,0j,0j,0j,0j,0j,0j,0j,0j,0j,0j,0j,0j,0j,0j,0j,0j,0j,0j,0j,0j,0j,0j,0j,0j,0j,0j,0j,0j,0j,0j,0j,0j,0j,0j,0j,0j
24,0j,0j,0j,0j,0j,0j,0j,0j,0j,0j,0j,0j,0j,0j,0j,0j,0j,0j,0j,0j,0j,0j,0j,0j,(620.4784208016747-259.4641104245969j),0j,0j,(-30.870347664301686+16.0198395076111j),(-87.60656456195059+37.9670412215721j),(-99.59196364911976+33.03803199788685j),0j,0j,0j,0j,0j,0j,0j,0j,0j,0j,0j,0j,0j,0j,0j,0j,0j,0j,0j,0j,0j,0j,0j,0j,0j,0j,0j,0j,0j,0j,0j,0j,0j,0j,0j,0j,0j,0j,0j,0j,0j,0j,0j,0j,0j,(-21.27549480513833+7.877782011180944j),(-76.28502764453735+40.13612715041185j),(-86.78014660125491+37.40037580886402j),(-30.870347664301686+16.0198395076111j),(-87.60656456195059+37.9670412215721j),(-99.59196364911976+33.03803199788685j),0j,0j,0j,0j,0j,0j,0j,0j,0j,0j,0j,0j,0j,0j,0j,0j,0j,0j,0j,0j,0j,0j,0j,0j,0j,0j,0j,0j,0j,0j
25,0j,0j,0j,0j,0j,0j,0j,0j,0j,0j,0j,0j,0j,0j,0j,0j,0j,0j,0j,0j,0j,0j,0j,0j,0j,(587.4000832855024-270.2593506414661j),0j,(-87.60656456195059+37.9670412215721j),(-31.492759318206584+15.298970622559887j),(-87.60656456195059+37.9670412215721j),0j,0j,0j,0j,0j,0j,0j,0j,0j,0j,0j,0j,0j,0j,0j,0j,0j,0j,0j,0j,0j,0j,0j,0j,0j,0j,0j,0j,0j,0j,0j,0j,0j,0j,0j,0j,0j,0j,0j,0j,0j,0j,0j,0j,0j,(-76.28502764453735+40.13612715041185j),(-21.418251112212154+7.520990209234171j),(-76.28502764453735+40.13612715041185j),(-87.60656456195059+37.9670412215721j),(-31.492759318206584+15.298970622559887j),(-87.60656456195059+37.9670412215721j),0j,0j,0j,0j,0j,0j,0j,0j,0j,0j,0j,0j,0j,0j,0j,0j,0j,0j,0j,0j,0j,0j,0j,0j,0j,0j,0j,0j,0j,0j
26,0j,0j,0j,0j,0j,0j,0j,0j,0j,0j,0j,0j,0j,0j,0j,0j,0j,0j,0j,0j,0j,0j,0j,0j,0j,0j,(620.4784208016747-259.4641104245969j),(-99.59196364911976+33.03803199788685j),(-87.60656456195059+37.9670412215721j),(-30.870347664301686+16.0198395076111j),0j,0j,0j,0j,0j,0j,0j,0j,0j,0j,0j,0j,0j,0j,0j,0j,0j,0j,0j,0j,0j,0j,0j,0j,0j,0j,0j,0j,0j,0j,0j,0j,0j,0j,0j,0j,0j,0j,0j,0j,0j,0j,0j,0j,0j,(-86.78014660125491+37.40037580886402j),(-76.28502764453735+40.13612715041185j),(-21.27549480513833+7.877782011180944j),(-99.59196364911976+33.03803199788685j),(-87.60656456195059+37.9670412215721j),(-30.870347664301686+16.0198395076111j),0j,0j,0j,0j,0j,0j,0j,0j,0j,0j,0j,0j,0j,0j,0j,0j,0j,0j,0j,0j,0j,0j,0j,0j,0j,0j,0j,0j,0j,0j
27,0j,0j,0j,0j,0j,0j,0j,0j,0j,0j,0j,0j,0j,0j,0j,0j,0j,0j,0j,0j,0j,0j,0j,0j,(-30.870347664301686+16.0198395076111j),(-87.60656456195059+37.9670412215721j),(-99.59196364911976+33.03803199788685j),(684.3705841354574-283.6195741595492j),0j,0j,0j,0j,0j,0j,0j,0j,0j,0j,0j,0j,0j,0j,0j,0j,0j,0j,0j,0j,0j,0j,0j,0j,0j,0j,0j,0j,0j,0j,0j,0j,0j,0j,0j,0j,0j,0j,0j,0j,0j,(-49.39255626288271+25.631743212177767j),(-140.17050329912095+60.747265954515356j),(-159.34714183859163+52.86085119661894j),(-16.464185420960902+8.543914404059256j),(-46.723501099706986+20.249088651505122j),(-53.115713946197204+17.620283732206314j),0j,0j,0j,0j,0j,0j,0j,0j,0j,0j,0j,0j,0j,0j,0j,0j,0j,0j,0j,0j,0j,0j,0j,0j,0j,0j,0j,0j,0j,0j,0j,0j,0j,(-1.0881063926250565+10.941514281396403j),(-0-0j),(-0-0j)
28,0j,0j,0j,0j,0j,0j,0j,0j,0j,0j,0j,0j,0j,0j,0j,0j,0j,0j,0j,0j,0j,0j,0j,0j,(-87.60656456195059+37.9670412215721j),(-31.492759318206584+15.298970622559887j),(-87.60656456195059+37.9670412215721j),0j,(648.7665568445627-296.80508055393585j),0j,0j,0j,0j,0j,0j,0j,0j,0j,0j,0j,0j,0j,0j,0j,0j,0j,0j,0j,0j,0j,0j,0j,0j,0j,0j,0j,0j,0j,0j,0j,0j,0j,0j,0j,0j,0j,0j,0j,0j,(-140.17050329912095+60.747265954515356j),(-50.38841490913053+24.478352996095825j),(-140.17050329912095+60.747265954515356j),(-46.723501099706986+20.249088651505122j),(-16.79613830304351+8.159450998698606j),(-46.723501099706986+20.249088651505122j),0j,0j,0j,0j,0j,0j,0j,0j,0j,0j,0j,0j,0j,0j,0j,0j,0j,0j,0j,0j,0j,0j,0j,0j,0j,0j,0j,0j,0j,0j,0j,0j,0j,(-0-0j),(-1.0881063926250565+10.941514281396403j),(-0-0j)
29,0j,0j,0j,0j,0j,0j,0j,0j,0j,0j,0j,0j,0j,0j,0j,0j,0j,0j,0j,0j,0j,0j,0j,0j,(-99.59196364911976+33.03803199788685j),(-87.60656456195059+37.9670412215721j),(-30.870347664301686+16.0198395076111j),0j,0j,(684.3705841354574-283.6195741595492j),0j,0j,0j,0j,0j,0j,0j,0j,0j,0j,0j,0j,0j,0j,0j,0j,0j,0j,0j,0j,0j,0j,0j,0j,0j,0j,0j,0j,0j,0j,0j,0j,0j,0j,0j,0j,0j,0j,0j,(-159.34714183859163+52.86085119661894j),(-140.17050329912095+60.747265954515356j),(-49.39255626288271+25.631743212177767j),(-53.115713946197204+17.620283732206314j),(-46.723501099706986+20.249088651505122j),(-16.464185420960902+8.543914404059256j),0j,0j,0j,0j,0j,0j,0j,0j,0j,0j,0j,0j,0j,0j,0j,0j,0j,0j,0j,0j,0j,0j,0j,0j,0j,0j,0j,0j,0j,0j,0j,0j,0j,(-0-0j),(-0-0j),(-1.0881063926250565+10.941514281396403j)
30,0j,0j,0j,0j,0j,0j,0j,0j,0j,0j,0j,0j,0j,0j,0j,0j,0j,0j,0j,0j,0j,0j,0j,0j,0j,0j,0j,0j,0j,0j,(454.4706494678712-210.57906410024162j),0j,0j,0j,0j,0j,0j,0j,0j,0j,0j,0j,0j,0j,0j,0j,0j,0j,0j,0j,0j,0j,0j,0j,0j,0j,0j,0j,0j,0j,0j,0j,0j,0j,0j,0j,0j,0j,0j,0j,0j,0j,0j,0j,0j,0j,0j,0j,0j,0j,0j,(-13.092612187777434+4.847865853034428j),(-46.944632396638376+24.69915516948422j),(-53.403167139233794+23.01561588237786j),(-34.040791688221326+12.60445121788951j),(-122.05604423125978+64.21780344065897j),(-138.8482345620079+59.84060129418243j),(-5.318873701284582+1.969445502795236j),(-19.071256911134338+10.034031787602963j),(-21.695036650313728+9.350093952216005j),0j,0j,0j,0j,0j,0j,0j,0j,0j,0j,0j,0j,0j,0j,0j,0j,0j,0j,0j,0j,0j
31,0j,0j,0j,0j,0j,0j,0j,0j,0j,0j,0j,0j,0j,0j,0j,0j,0j,0j,0j,0j,0j,0j,0j,0j,0j,0j,0j,0j,0j,0j,0j,(428.94809385855723-216.44411434979656j),0j,0j,0j,0j,0j,0j,0j,0j,0j,0j,0j,0j,0j,0j,0j,0j,0j,0j,0j,0j,0j,0j,0j,0j,0j,0j,0j,0j,0j,0j,0j,0j,0j,0j,0j,0j,0j,0j,0j,0j,0j,0j,0j,0j,0j,0j,0j,0j,0j,(-46.944632396638376+24.69915516948422j),(-13.18046222289979+4.628301667221029j),(-46.944632396638376+24.69915516948422j),(-122.05604423125978+64.21780344065897j),(-34.26920177953944+12.033584334774677j),(-122.05604423125978+64.21780344065897j),(-19.071256911134338+10.034031787602963j),(-5.3545627780530385+1.8802475523085427j),(-19.071256911134338+10.034031787602963j),0j,0j,0j,0j,0j,0j,0j,0j,0j,0j,0j,0j,0j,0j,0j,0j,0j,0j,0j,0j,0j
32,0j,0j,0j,0j,0j,0j,0j,0j,0j,0j,0j,0j,0j,0j,0j,0j,0j,0j,0j,0j,0j,0j,0j,0j,0j,0j,0j,0j,0j,0j,0j,0j,(454.4706494678712-210.57906410024162j),0j,0j,0j,0j,0j,0j,0j,0j,0j,0j,0j,0j,0j,0j,0j,0j,0j,0j,0j,0j,0j,0j,0j,0j,0j,0j,0j,0j,0j,0j,0j,0j,0j,0j,0j,0j,0j,0j,0j,0j,0j,0j,0j,0j,0j,0j,0j,0j,(-53.403167139233794+23.01561588237786j),(-46.944632396638376+24.69915516948422j),(-13.092612187777434+4.847865853034428j),(-138.8482345620079+59.84060129418243j),(-122.05604423125978+64.21780344065897j),(-34.040791688221326+12.60445121788951j),(-21.695036650313728+9.350093952216005j),(-19.071256911134338+10.034031787602963j),(-5.318873701284582+1.969445502795236j),0j,0j,0j,0j,0j,0j,0j,0j,0j,0j,0j,0j,0j,0j,0j,0j,0j,0j,0j,0j,0j
33,0j,0j,0j,0j,0j,0j,0j,0j,0j,0j,0j,0j,0j,0j,0j,0j,0j,0j,0j,0j,0j,0j,0j,0j,0j,0j,0j,0j,0j,0j,0j,0j,0j,(643.8552718820843-275.902716316043j),0j,0j,0j,0j,0j,0j,0j,0j,0j,0j,0j,0j,0j,0j,0j,0j,0j,0j,0j,0j,0j,0j,0j,0j,0j,0j,0j,0j,0j,0j,0j,0j,0j,0j,0j,0j,0j,0j,0j,0j,0j,0j,0j,0j,0j,0j,0j,0j,0j,0j,0j,0j,0j,0j,0j,0j,0j,0j,0j,(-24.696278131441353+12.815871606088884j),(-70.08525164956048+30.373632977257678j),(-79.67357091929581+26.43042559830947j),(-34.040791688221326+12.60445121788951j),(-122.05604423125978+64.21780344065897j),(-138.8482345620079+59.84060129418243j),(-24.696278131441353+12.815871606088884j),(-70.08525164956048+30.373632977257678j),(-79.67357091929581+26.43042559830947j),0j,0j,0j,0j,0j,0j,0j,0j,0j
34,0j,0j,0j,0j,0j,0j,0j,0j,0j,0j,0j,0j,0j,0j,0j,0j,0j,0j,0j,0j,0j,0j,0j,0j,0j,0j,0j,0j,0j,0j,0j,0j,0j,0j,(609.1107117494314-286.4420761212192j),0j,0j,0j,0j,0j,0j,0j,0j,0j,0j,0j,0j,0j,0j,0j,0j,0j,0j,0j,0j,0j,0j,0j,0j,0j,0j,0j,0j,0j,0j,0j,0j,0j,0j,0j,0j,0j,0j,0j,0j,0j,0j,0j,0j,0j,0j,0j,0j,0j,0j,0j,0j,0j,0j,0j,0j,0j,0j,(-70.08525164956048+30.373632977257678j),(-25.194207454565266+12.239176498047913j),(-70.08525164956048+30.373632977257678j),(-122.05604423125978+64.21780344065897j),(-34.26920177953944+12.033584334774677j),(-122.05604423125978+64.21780344065897j),(-70.08525164956048+30.373632977257678j),(-25.194207454565266+12.239176498047913j),(-70.08525164956048+30.373632977257678j),0j,0j,0j,0j,0j,0j,0j,0j,0j
35,0j,0j,0j,0j,0j,0j,0j,0j,0j,0j,0j,0j,0j,0j,0j,0j,0j,0j,0j,0j,0j,0j,0j,0j,0j,0j,0j,0j,0j,0j,0j,0j,0j,0j,0j,(643.8552718820843-275.902716316043j),0j,0j,0j,0j,0j,0j,0j,0j,0j,0j,0j,0j,0j,0j,0j,0j,0j,0j,0j,0j,0j,0j,0j,0j,0j,0j,0j,0j,0j,0j,0j,0j,0j,0j,0j,0j,0j,0j,0j,0j,0j,0j,0j,0j,0j,0j,0j,0j,0j,0j,0j,0j,0j,0j,0j,0j,0j,(-79.67357091929581+26.43042559830947j),(-70.08525164956048+30.373632977257678j),(-24.696278131441353+12.815871606088884j),(-138.8482345620079+59.84060129418243j),(-122.05604423125978+64.21780344065897j),(-34.040791688221326+12.60445121788951j),(-79.67357091929581+26.43042559830947j),(-70.08525164956048+30.373632977257678j),(-24.696278131441353+12.815871606088884j),0j,0j,0j,0j,0j,0j,0j,0j,0j
36,0j,0j,0j,0j,0j,0j,0j,0j,0j,0j,0j,0j,0j,0j,0j,(-28.367326406851102+10.503709348241257j),(-101.71337019271648+53.51483620054914j),(-115.70686213500656+49.86716774515204j),0j,0j,0j,0j,0j,0j,0j,0j,0j,0j,0j,0j,0j,0j,0j,0j,0j,0j,(245.78755873457416-113.88571329394243j),0j,0j,0j,0j,0j,0j,0j,0j,0j,0j,0j,0j,0j,0j,0j,0j,0j,0j,0j,0j,0j,0j,0j,0j,0j,0j,0j,0j,0j,0j,0j,0j,0j,0j,0j,0j,0j,0j,0j,0j,0j,0j,0j,0j,0j,0j,0j,0j,0j,0j,0j,0j,0j,0j,0j,0j,0j,0j,0j,0j,0j,0j,0j,0j,0j,0j,0j,0j,0j,0j,0j,0j,0j,0j
37,0j,0j,0j,0j,0j,0j,0j,0j,0j,0j,0j,0j,0j,0j,0j,(-101.71337019271648+53.51483620054914j),(-28.557668149616205+10.027986945645562j),(-101.71337019271648+53.51483620054914j),0j,0j,0j,0j,0j,0j,0j,0j,0j,0j,0j,0j,0j,0j,0j,0j,0j,0j,0j,(231.98440853504917-117.05765934674385j),0j,0j,0j,0j,0j,0j,0j,0j,0j,0j,0j,0j,0j,0j,0j,0j,0j,0j,0j,0j,0j,0j,0j,0j,0j,0j,0j,0j,0j,0j,0j,0j,0j,0j,0j,0j,0j,0j,0j,0j,0j,0j,0j,0j,0j,0j,0j,0j,0j,0j,0j,0j,0j,0j,0j,0j,0j,0j,0j,0j,0j,0j,0j,0j,0j,0j,0j,0j,0j,0j,0j,0j,0j
38,0j,0j,0j,0j,0j,0j,0j,0j,0j,0j,0j,0j,0j,0j,0j,(-115.70686213500656+49.86716774515204j),(-101.71337019271648+53.51483620054914j),(-28.367326406851102+10.503709348241257j),0j,0j,0j,0j,0j,0j,0j,0j,0j,0j,0j,0j,0j,0j,0j,0j,0j,0j,0j,0j,(245.78755873457413-113.88571329394244j),0j,0j,0j,0j,0j,0j,0j,0j,0j,0j,0j,0j,0j,0j,0j,0j,0j,0j,0j,0j,0j,0j,0j,0j,0j,0j,0j,0j,0j,0j,0j,0j,0j,0j,0j,0j,0j,0j,0j,0j,0j,0j,0j,0j,0j,0j,0j,0j,0j,0j,0j,0j,0j,0j,0j,0j,0j,0j,0j,0j,0j,0j,0j,0j,0j,0j,0j,0j,0j,0j,0j,0j
39,0j,0j,0j,0j,0j,0j,(-27.440309034934838+14.239857340098759j),(-77.87250183284499+33.74848108584188j),(-88.52618991032868+29.36713955367719j),0j,0j,0j,(-18.997137024185655+9.858362773914525j),(-53.911732038123446+23.36433305942899j),(-61.287362245612165+20.33109661408421j),0j,0j,0j,0j,0j,0j,0j,0j,0j,0j,0j,0j,0j,0j,0j,0j,0j,0j,0j,0j,0j,0j,0j,0j,(328.03523208602974-130.90927042704556j),0j,0j,0j,0j,0j,0j,0j,0j,0j,0j,0j,0j,0j,0j,0j,0j,0j,0j,0j,0j,0j,0j,0j,0j,0j,0j,0j,0j,0j,0j,0j,0j,0j,0j,0j,0j,0j,0j,0j,0j,0j,0j,0j,0j,0j,0j,0j,0j,0j,0j,0j,0j,0j,0j,0j,0j,0j,0j,0j,0j,0j,0j,0j,0j,0j,0j,0j,0j,0j,0j,0j
40,0j,0j,0j,0j,0j,0j,(-77.87250183284499+33.74848108584188j),(-27.993563838405855+13.599084997831012j),(-77.87250183284499+33.74848108584188j),0j,0j,0j,(-53.911732038123446+23.36433305942899j),(-19.38015958043482+9.414751152344547j),(-53.911732038123446+23.36433305942899j),0j,0j,0j,0j,0j,0j,0j,0j,0j,0j,0j,0j,0j,0j,0j,0j,0j,0j,0j,0j,0j,0j,0j,0j,0j,(310.9421911607775-137.2394644407173j),0j,0j,0j,0j,0j,0j,0j,0j,0j,0j,0j,0j,0j,0j,0j,0j,0j,0j,0j,0j,0j,0j,0j,0j,0j,0j,0j,0j,0j,0j,0j,0j,0j,0j,0j,0j,0j,0j,0j,0j,0j,0j,0j,0j,0j,0j,0j,0j,0j,0j,0j,0j,0j,0j,0j,0j,0j,0j,0j,0j,0j,0j,0j,0j,0j,0j,0j,0j,0j,0j
41,0j,0j,0j,0j,0j,0j,(-88.52618991032868+29.36713955367719j),(-77.87250183284499+33.74848108584188j),(-27.440309034934838+14.239857340098759j),0j,0j,0j,(-61.287362245612165+20.33109661408421j),(-53.911732038123446+23.36433305942899j),(-18.997137024185655+9.858362773914525j),0j,0j,0j,0j,0j,0j,0j,0j,0j,0j,0j,0j,0j,0j,0j,0j,0j,0j,0j,0j,0j,0j,0j,0j,0j,0j,(328.03523208602974-130.90927042704556j),0j,0j,0j,0j,0j,0j,0j,0j,0j,0j,0j,0j,0j,0j,0j,0j,0j,0j,0j,0j,0j,0j,0j,0j,0j,0j,0j,0j,0j,0j,0j,0j,0j,0j,0j,0j,0j,0j,0j,0j,0j,0j,0j,0j,0j,0j,0j,0j,0j,0j,0j,0j,0j,0j,0j,0j,0j,0j,0j,0j,0j,0j,0j,0j,0j,0j,0j,0j,0j
42,0j,0j,0j,0j,0j,0j,0j,0j,0j,0j,0j,0j,(-85.10197922055332+31.511128044723776j),(-305.1401105781494+160.5445086016474j),(-347.12058640501965+149.60150323545608j),0j,0j,0j,0j,0j,0j,0j,0j,0j,0j,0j,0j,0j,0j,0j,0j,0j,0j,0j,0j,0j,0j,0j,0j,0j,0j,0j,(850.803087927372-394.21977678672374j),0j,0j,(-13.092612187777434+4.847865853034428j),(-46.944632396638376+24.69915516948422j),(-53.403167139233794+23.01561588237786j),0j,0j,0j,0j,0j,0j,0j,0j,0j,0j,0j,0j,0j,0j,0j,0j,0j,0j,0j,0j,0j,0j,0j,0j,0j,0j,0j,0j,0j,0j,0j,0j,0j,0j,0j,0j,0j,0j,0j,0j,0j,0j,0j,0j,0j,0j,0j,0j,0j,0j,0j,0j,0j,0j,0j,0j,0j,0j,0j,0j,0j,0j,0j
43,0j,0j,0j,0j,0j,0j,0j,0j,0j,0j,0j,0j,(-305.1401105781494+160.5445086016474j),(-85.67300444884862+30.083960836936683j),(-305.1401105781494+160.5445086016474j),0j,0j,0j,0j,0j,0j,0j,0j,0j,0j,0j,0j,0j,0j,0j,0j,0j,0j,0j,0j,0j,0j,0j,0j,0j,0j,0j,0j,(803.022952621324-405.19959004642095j),0j,(-46.944632396638376+24.69915516948422j),(-13.18046222289979+4.628301667221029j),(-46.944632396638376+24.69915516948422j),0j,0j,0j,0j,0j,0j,0j,0j,0j,0j,0j,0j,0j,0j,0j,0j,0j,0j,0j,0j,0j,0j,0j,0j,0j,0j,0j,0j,0j,0j,0j,0j,0j,0j,0j,0j,0j,0j,0j,0j,0j,0j,0j,0j,0j,0j,0j,0j,0j,0j,0j,0j,0j,0j,0j,0j,0j,0j,0j,0j,0j,0j,0j
44,0j,0j,0j,0j,0j,0j,0j,0j,0j,0j,0j,0j,(-347.12058640501965+149.60150323545608j),(-305.1401105781494+160.5445086016474j),(-85.10197922055332+31.511128044723776j),0j,0j,0j,0j,0j,0j,0j,0j,0j,0j,0j,0j,0j,0j,0j,0j,0j,0j,0j,0j,0j,0j,0j,0j,0j,0j,0j,0j,0j,(850.803087927372-394.21977678672374j),(-53.403167139233794+23.01561588237786j),(-46.944632396638376+24.69915516948422j),(-13.092612187777434+4.847865853034428j),0j,0j,0j,0j,0j,0j,0j,0j,0j,0j,0j,0j,0j,0j,0j,0j,0j,0j,0j,0j,0j,0j,0j,0j,0j,0j,0j,0j,0j,0j,0j,0j,0j,0j,0j,0j,0j,0j,0j,0j,0j,0j,0j,0j,0j,0j,0j,0j,0j,0j,0j,0j,0j,0j,0j,0j,0j,0j,0j,0j,0j,0j,0j
45,0j,0j,0j,0j,0j,0j,0j,0j,0j,0j,0j,0j,0j,0j,0j,0j,0j,0j,0j,0j,0j,0j,0j,0j,0j,0j,0j,0j,0j,0j,0j,0j,0j,0j,0j,0j,0j,0j,0j,0j,0j,0j,(-13.092612187777434+4.847865853034428j),(-46.944632396638376+24.69915516948422j),(-53.403167139233794+23.01561588237786j),(113.4404117236496-52.56263690489651j),0j,0j,0j,0j,0j,0j,0j,0j,0j,0j,0j,0j,0j,0j,0j,0j,0j,0j,0j,0j,0j,0j,0j,0j,0j,0j,0j,0j,0j,0j,0j,0j,0j,0j,0j,0j,0j,0j,0j,0j,0j,0j,0j,0j,0j,0j,0j,0j,0j,0j,0j,0j,0j,0j,0j,0j,0j,0j,0j,0j,0j,0j,0j,0j,0j
46,0j,0j,0j,0j,0j,0j,0j,0j,0j,0j,0j,0j,0j,0j,0j,0j,0j,0j,0j,0j,0j,0j,0j,0j,0j,0j,0j,0j,0j,0j,0j,0j,0j,0j,0j,0j,0j,0j,0j,0j,0j,0j,(-46.944632396638376+24.69915516948422j),(-13.18046222289979+4.628301667221029j),(-46.944632396638376+24.69915516948422j),0j,(107.06972701617654-54.026612006189474j),0j,0j,0j,0j,0j,0j,0j,0j,0j,0j,0j,0j,0j,0j,0j,0j,0j,0j,0j,0j,0j,0j,0j,0j,0j,0j,0j,0j,0j,0j,0j,0j,0j,0j,0j,0j,0j,0j,0j,0j,0j,0j,0j,0j,0j,0j,0j,0j,0j,0j,0j,0j,0j,0j,0j,0j,0j,0j,0j,0j,0j,0j,0j,0j
47,0j,0j,0j,0j,0j,0j,0j,0j,0j,0j,0j,0j,0j,0j,0j,0j,0j,0j,0j,0j,0j,0j,0j,0j,0j,0j,0j,0j,0j,0j,0j,0j,0j,0j,0j,0j,0j,0j,0j,0j,0j,0j,(-53.403167139233794+23.01561588237786j),(-46.944632396638376+24.69915516948422j),(-13.092612187777434+4.847865853034428j),0j,0j,(113.4404117236496-52.56263690489651j),0j,0j,0j,0j,0j,0j,0j,0j,0j,0j,0j,0j,0j,0j,0j,0j,0j,0j,0j,0j,0j,0j,0j,0j,0j,0j,0j,0j,0j,0j,0j,0j,0j,0j,0j,0j,0j,0j,0j,0j,0j,0j,0j,0j,0j,0j,0j,0j,0j,0j,0j,0j,0j,0j,0j,0j,0j,0j,0j,0j,0j,0j,0j
48,0j,0j,0j,0j,0j,0j,0j,0j,0j,0j,0j,0j,(-12.348139065720677+6.407935803044442j),(-35.04262582478024+15.186816488628839j),(-39.836785459647906+13.215212799154735j),0j,0j,0j,(-16.464185420960902+8.543914404059256j),(-46.723501099706986+20.249088651505122j),(-53.115713946197204+17.620283732206314j),(-7.40017210613507+2.7400980908455463j),(-26.533922658969516+13.960392052317166j),(-30.18439881782779+13.008826368300525j),0j,0j,0j,0j,0j,0j,0j,0j,0j,0j,0j,0j,0j,0j,0j,0j,0j,0j,0j,0j,0j,0j,0j,0j,(267.64944439994633-110.93256839006195j),0j,0j,0j,0j,0j,0j,0j,0j,0j,0j,0j,0j,0j,0j,0j,0j,0j,0j,0j,0j,0j,0j,0j,0j,0j,0j,0j,0j,0j,0j,0j,0j,0j,0j,0j,0j,0j,0j,0j,0j,0j,0j,0j,0j,0j,0j,0j,0j,0j,0j,0j,0j,0j,0j,0j,0j,0j,0j,0j,0j,0j,0j
49,0j,0j,0j,0j,0j,0j,0j,0j,0j,0j,0j,0j,(-35.04262582478024+15.186816488628839j),(-12.597103727282633+6.119588249023956j),(-35.04262582478024+15.186816488628839j),0j,0j,0j,(-46.723501099706986+20.249088651505122j),(-16.79613830304351+8.159450998698606j),(-46.723501099706986+20.249088651505122j),(-26.533922658969516+13.960392052317166j),(-7.449826473812924+2.615996594516234j),(-26.533922658969516+13.960392052317166j),0j,0j,0j,0j,0j,0j,0j,0j,0j,0j,0j,0j,0j,0j,0j,0j,0j,0j,0j,0j,0j,0j,0j,0j,0j,(253.44316767105255-115.68763022714106j),0j,0j,0j,0j,0j,0j,0j,0j,0j,0j,0j,0j,0j,0j,0j,0j,0j,0j,0j,0j,0j,0j,0j,0j,0j,0j,0j,0j,0j,0j,0j,0j,0j,0j,0j,0j,0j,0j,0j,0j,0j,0j,0j,0j,0j,0j,0j,0j,0j,0j,0j,0j,0j,0j,0j,0j,0j,0j,0j,0j,0j
50,0j,0j,0j,0j,0j,0j,0j,0j,0j,0j,0j,0j,(-39.836785459647906+13.215212799154735j),(-35.04262582478024+15.186816488628839j),(-12.348139065720677+6.407935803044442j),0j,0j,0j,(-53.115713946197204+17.620283732206314j),(-46.723501099706986+20.249088651505122j),(-16.464185420960902+8.543914404059256j),(-30.18439881782779+13.008826368300525j),(-26.533922658969516+13.960392052317166j),(-7.40017210613507+2.7400980908455463j),0j,0j,0j,0j,0j,0j,0j,0j,0j,0j,0j,0j,0j,0j,0j,0j,0j,0j,0j,0j,0j,0j,0j,0j,0j,0j,(267.64944439994633-110.93256839006196j),0j,0j,0j,0j,0j,0j,0j,0j,0j,0j,0j,0j,0j,0j,0j,0j,0j,0j,0j,0j,0j,0j,0j,0j,0j,0j,0j,0j,0j,0j,0j,0j,0j,0j,0j,0j,0j,0j,0j,0j,0j,0j,0j,0j,0j,0j,0j,0j,0j,0j,0j,0j,0j,0j,0j,0j,0j,0j,0j,0j
51,0j,0j,0j,0j,0j,0j,0j,0j,0j,0j,0j,0j,0j,0j,0j,0j,0j,0j,0j,0j,0j,(-56.734652813702205+21.007418696482514j),(-203.42674038543296+107.02967240109828j),(-231.41372427001312+99.73433549030408j),0j,0j,0j,0j,0j,0j,0j,0j,0j,0j,0j,0j,0j,0j,0j,0j,0j,0j,0j,0j,0j,0j,0j,0j,0j,0j,0j,(491.5751174691483-227.77142658788486j),0j,0j,0j,0j,0j,0j,0j,0j,0j,0j,0j,0j,0j,0j,0j,0j,0j,0j,0j,0j,0j,0j,0j,0j,0j,0j,0j,0j,0j,0j,0j,0j,0j,0j,0j,0j,0j,0j,0j,0j,0j,0j,0j,0j,0j,0j,0j,0j,0j,0j,0j,0j,0j,0j,0j,0j,0j,0j,0j
52,0j,0j,0j,0j,0j,0j,0j,0j,0j,0j,0j,0j,0j,0j,0j,0j,0j,0j,0j,0j,0j,(-203.42674038543296+107.02967240109828j),(-57.11533629923241+20.055973891291124j),(-203.42674038543296+107.02967240109828j),0j,0j,0j,0j,0j,0j,0j,0j,0j,0j,0j,0j,0j,0j,0j,0j,0j,0j,0j,0j,0j,0j,0j,0j,0j,0j,0j,0j,(463.96881707009834-234.1153186934877j),0j,0j,0j,0j,0j,0j,0j,0j,0j,0j,0j,0j,0j,0j,0j,0j,0j,0j,0j,0j,0j,0j,0j,0j,0j,0j,0j,0j,0j,0j,0j,0j,0j,0j,0j,0j,0j,0j,0j,0j,0j,0j,0j,0j,0j,0j,0j,0j,0j,0j,0j,0j,0j,0j,0j,0j,0j,0j
53,0j,0j,0j,0j,0j,0j,0j,0j,0j,0j,0j,0j,0j,0j,0j,0j,0j,0j,0j,0j,0j,(-231.41372427001312+99.73433549030408j),(-203.42674038543296+107.02967240109828j),(-56.734652813702205+21.007418696482514j),0j,0j,0j,0j,0j,0j,0j,0j,0j,0j,0j,0j,0j,0j,0j,0j,0j,0j,0j,0j,0j,0j,0j,0j,0j,0j,0j,0j,0j,(491.57511746914827-227.7714265878849j),0j,0j,0j,0j,0j,0j,0j,0j,0j,0j,0j,0j,0j,0j,0j,0j,0j,0j,0j,0j,0j,0j,0j,0j,0j,0j,0j,0j,0j,0j,0j,0j,0j,0j,0j,0j,0j,0j,0j,0j,0j,0j,0j,0j,0j,0j,0j,0j,0j,0j,0j,0j,0j,0j,0j,0j,0j
54,0j,0j,0j,0j,0j,0j,0j,0j,0j,0j,0j,0j,0j,0j,0j,0j,0j,0j,0j,0j,0j,(-8.958103075847715+3.316960846813029j),(-32.1200116398052+16.899421958068142j),(-36.53900909526523+15.7475266563638j),0j,0j,0j,0j,0j,0j,0j,0j,0j,0j,0j,0j,0j,0j,0j,0j,0j,0j,0j,0j,0j,0j,0j,0j,0j,0j,0j,0j,0j,0j,(77.61712381091814-35.963909461244974j),0j,0j,0j,0j,0j,0j,0j,0j,0j,0j,0j,0j,0j,0j,0j,0j,0j,0j,0j,0j,0j,0j,0j,0j,0j,0j,0j,0j,0j,0j,0j,0j,0j,0j,0j,0j,0j,0j,0j,0j,0j,0j,0j,0j,0j,0j,0j,0j,0j,0j,0j,0j,0j,0j,0j,0j
55,0j,0j,0j,0j,0j,0j,0j,0j,0j,0j,0j,0j,0j,0j,0j,0j,0j,0j,0j,0j,0j,(-32.1200116398052+16.899421958068142j),(-9.018210994615643+3.1667327196775448j),(-32.1200116398052+16.899421958068142j),0j,0j,0j,0j,0j,0j,0j,0j,0j,0j,0j,0j,0j,0j,0j,0j,0j,0j,0j,0j,0j,0j,0j,0j,0j,0j,0j,0j,0j,0j,0j,(73.25823427422604-36.96557663581383j),0j,0j,0j,0j,0j,0j,0j,0j,0j,0j,0j,0j,0j,0j,0j,0j,0j,0j,0j,0j,0j,0j,0j,0j,0j,0j,0j,0j,0j,0j,0j,0j,0j,0j,0j,0j,0j,0j,0j,0j,0j,0j,0j,0j,0j,0j,0j,0j,0j,0j,0j,0j,0j,0j,0j
56,0j,0j,0j,0j,0j,0j,0j,0j,0j,0j,0j,0j,0j,0j,0j,0j,0j,0j,0j,0j,0j,(-36.53900909526523+15.7475266563638j),(-32.1200116398052+16.899421958068142j),(-8.958103075847715+3.316960846813029j),0j,0j,0j,0j,0j,0j,0j,0j,0j,0j,0j,0j,0j,0j,0j,0j,0j,0j,0j,0j,0j,0j,0j,0j,0j,0j,0j,0j,0j,0j,0j,0j,(77.61712381091814-35.96390946124497j),0j,0j,0j,0j,0j,0j,0j,0j,0j,0j,0j,0j,0j,0j,0j,0j,0j,0j,0j,0j,0j,0j,0j,0j,0j,0j,0j,0j,0j,0j,0j,0j,0j,0j,0j,0j,0j,0j,0j,0j,0j,0j,0j,0j,0j,0j,0j,0j,0j,0j,0j,0j,0j,0j
57,0j,0j,0j,0j,0j,0j,0j,0j,0j,0j,0j,0j,0j,0j,0j,0j,0j,0j,(-24.314851205872372+9.003179441349651j),(-87.18288873661412+45.86985960047068j),(-99.17731040143418+42.74328663870174j),0j,0j,0j,0j,0j,0j,0j,0j,0j,0j,0j,0j,0j,0j,0j,0j,0j,0j,0j,0j,0j,0j,0j,0j,0j,0j,0j,0j,0j,0j,0j,0j,0j,0j,0j,0j,(210.67505034392067-97.61632568052207j),0j,0j,0j,0j,0j,0j,0j,0j,0j,0j,0j,0j,0j,0j,0j,0j,0j,0j,0j,0j,0j,0j,0j,0j,0j,0j,0j,0j,0j,0j,0j,0j,0j,0j,0j,0j,0j,0j,0j,0j,0j,0j,0j,0j,0j,0j,0j,0j,0j,0j,0j,0j,0j
58,0j,0j,0j,0j,0j,0j,0j,0j,0j,0j,0j,0j,0j,0j,0j,0j,0j,0j,(-87.18288873661412+45.86985960047068j),(-24.4780012710996+8.595417381981909j),(-87.18288873661412+45.86985960047068j),0j,0j,0j,0j,0j,0j,0j,0j,0j,0j,0j,0j,0j,0j,0j,0j,0j,0j,0j,0j,0j,0j,0j,0j,0j,0j,0j,0j,0j,0j,0j,0j,0j,0j,0j,0j,0j,(198.84377874432784-100.33513658292327j),0j,0j,0j,0j,0j,0j,0j,0j,0j,0j,0j,0j,0j,0j,0j,0j,0j,0j,0j,0j,0j,0j,0j,0j,0j,0j,0j,0j,0j,0j,0j,0j,0j,0j,0j,0j,0j,0j,0j,0j,0j,0j,0j,0j,0j,0j,0j,0j,0j,0j,0j,0j
59,0j,0j,0j,0j,0j,0j,0j,0j,0j,0j,0j,0j,0j,0j,0j,0j,0j,0j,(-99.17731040143418+42.74328663870174j),(-87.18288873661412+45.86985960047068j),(-24.314851205872372+9.003179441349651j),0j,0j,0j,0j,0j,0j,0j,0j,0j,0j,0j,0j,0j,0j,0j,0j,0j,0j,0j,0j,0j,0j,0j,0j,0j,0j,0j,0j,0j,0j,0j,0j,0j,0j,0j,0j,0j,0j,(210.67505034392067-97.61632568052207j),0j,0j,0j,0j,0j,0j,0j,0j,0j,0j,0j,0j,0j,0j,0j,0j,0j,0j,0j,0j,0j,0j,0j,0j,0j,0j,0j,0j,0j,0j,0j,0j,0j,0j,0j,0j,0j,0j,0j,0j,0j,0j,0j,0j,0j,0j,0j,0j,0j,0j,0j
60,0j,0j,0j,0j,0j,0j,0j,0j,0j,(-28.367326406851102+10.503709348241257j),(-101.71337019271648+53.51483620054914j),(-115.70686213500656+49.86716774515204j),0j,0j,0j,0j,0j,0j,0j,0j,0j,0j,0j,0j,0j,0j,0j,0j,0j,0j,0j,0j,0j,0j,0j,0j,0j,0j,0j,0j,0j,0j,0j,0j,0j,0j,0j,0j,0j,0j,0j,0j,0j,0j,0j,0j,0j,0j,0j,0j,(495.0091311635708-213.34275641059392j),0j,0j,0j,0j,0j,0j,0j,0j,0j,0j,0j,0j,0j,0j,0j,0j,0j,0j,0j,0j,0j,0j,0j,0j,0j,0j,0j,0j,0j,0j,0j,0j,0j,0j,0j,0j,0j,0j,0j,0j,0j,0j,0j,0j,(-35.2803973306305+18.3083880086984j),(-100.12178807080068+43.390904253225266j),(-113.81938702756545+37.757750854727824j),0j,0j,0j
61,0j,0j,0j,0j,0j,0j,0j,0j,0j,(-101.71337019271648+53.51483620054914j),(-28.557668149616205+10.027986945645562j),(-101.71337019271648+53.51483620054914j),0j,0j,0j,0j,0j,0j,0j,0j,0j,0j,0j,0j,0j,0j,0j,0j,0j,0j,0j,0j,0j,0j,0j,0j,0j,0j,0j,0j,0j,0j,0j,0j,0j,0j,0j,0j,0j,0j,0j,0j,0j,0j,0j,0j,0j,0j,0j,0j,0j,(468.2197096117438-221.32400570754854j),0j,0j,0j,0j,0j,0j,0j,0j,0j,0j,0j,0j,0j,0j,0j,0j,0j,0j,0j,0j,0j,0j,0j,0j,0j,0j,0j,0j,0j,0j,0j,0j,0j,0j,0j,0j,0j,0j,0j,0j,0j,0j,0j,(-100.12178807080068+43.390904253225266j),(-35.991724935093245+17.48453785435416j),(-100.12178807080068+43.390904253225266j),0j,0j,0j
62,0j,0j,0j,0j,0j,0j,0j,0j,0j,(-115.70686213500656+49.86716774515204j),(-101.71337019271648+53.51483620054914j),(-28.367326406851102+10.503709348241257j),0j,0j,0j,0j,0j,0j,0j,0j,0j,0j,0j,0j,0j,0j,0j,0j,0j,0j,0j,0j,0j,0j,0j,0j,0j,0j,0j,0j,0j,0j,0j,0j,0j,0j,0j,0j,0j,0j,0j,0j,0j,0j,0j,0j,0j,0j,0j,0j,0j,0j,(495.00913116357077-213.34275641059395j),0j,0j,0j,0j,0j,0j,0j,0j,0j,0j,0j,0j,0j,0j,0j,0j,0j,0j,0j,0j,0j,0j,0j,0j,0j,0j,0j,0j,0j,0j,0j,0j,0j,0j,0j,0j,0j,0j,0j,0j,0j,0j,(-113.81938702756545+37.757750854727824j),(-100.12178807080068+43.390904253225266j),(-35.2803973306305+18.3083880086984j),0j,0j,0j
63,0j,0j,0j,0j,0j,0j,0j,0j,0j,0j,0j,0j,0j,0j,0j,0j,0j,0j,0j,0j,0j,0j,0j,0j,0j,0j,0j,0j,0j,0j,0j,0j,0j,0j,0j,0j,0j,0j,0j,0j,0j,0j,0j,0j,0j,0j,0j,0j,0j,0j,0j,0j,0j,0j,0j,0j,0j,0j,0j,0j,0j,0j,0j,(294.945070481489-136.6628559527309j),0j,0j,0j,0j,0j,0j,0j,0j,0j,0j,0j,0j,0j,0j,0j,0j,0j,0j,0j,0j,0j,0j,0j,0j,0j,0j,0j,0j,0j,0j,0j,0j,0j,0j,0j,0j,0j,0j,0j,0j,0j,(-34.040791688221326+12.60445121788951j),(-122.05604423125978+64.21780344065897j),(-138.8482345620079+59.84060129418243j),0j,0j,0j
64,0j,0j,0j,0j,0j,0j,0j,0j,0j,0j,0j,0j,0j,0j,0j,0j,0j,0j,0j,0j,0j,0j,0j,0j,0j,0j,0j,0j,0j,0j,0j,0j,0j,0j,0j,0j,0j,0j,0j,0j,0j,0j,0j,0j,0j,0j,0j,0j,0j,0j,0j,0j,0j,0j,0j,0j,0j,0j,0j,0j,0j,0j,0j,0j,(278.381290242059-140.4691912160926j),0j,0j,0j,0j,0j,0j,0j,0j,0j,0j,0j,0j,0j,0j,0j,0j,0j,0j,0j,0j,0j,0j,0j,0j,0j,0j,0j,0j,0j,0j,0j,0j,0j,0j,0j,0j,0j,0j,0j,0j,(-122.05604423125978+64.21780344065897j),(-34.26920177953944+12.033584334774677j),(-122.05604423125978+64.21780344065897j),0j,0j,0j
65,0j,0j,0j,0j,0j,0j,0j,0j,0j,0j,0j,0j,0j,0j,0j,0j,0j,0j,0j,0j,0j,0j,0j,0j,0j,0j,0j,0j,0j,0j,0j,0j,0j,0j,0j,0j,0j,0j,0j,0j,0j,0j,0j,0j,0j,0j,0j,0j,0j,0j,0j,0j,0j,0j,0j,0j,0j,0j,0j,0j,0j,0j,0j,0j,0j,(294.945070481489-136.6628559527309j),0j,0j,0j,0j,0j,0j,0j,0j,0j,0j,0j,0j,0j,0j,0j,0j,0j,0j,0j,0j,0j,0j,0j,0j,0j,0j,0j,0j,0j,0j,0j,0j,0j,0j,0j,0j,0j,0j,0j,(-138.8482345620079+59.84060129418243j),(-122.05604423125978+64.21780344065897j),(-34.040791688221326+12.60445121788951j),0j,0j,0j
66,0j,0j,0j,0j,0j,0j,0j,0j,0j,0j,0j,0j,0j,0j,0j,0j,0j,0j,0j,0j,0j,0j,0j,0j,0j,0j,0j,0j,0j,0j,0j,0j,0j,0j,0j,0j,0j,0j,0j,0j,0j,0j,0j,0j,0j,0j,0j,0j,0j,0j,0j,0j,0j,0j,0j,0j,0j,0j,0j,0j,0j,0j,0j,0j,0j,0j,(210.67505034392067-97.61632568052207j),0j,0j,0j,0j,0j,0j,0j,0j,0j,0j,0j,0j,0j,0j,0j,0j,0j,0j,0j,0j,0j,0j,0j,0j,0j,0j,0j,0j,0j,0j,0j,0j,0j,0j,0j,0j,0j,0j,(-24.314851205872372+9.003179441349651j),(-87.18288873661412+45.86985960047068j),(-99.17731040143418+42.74328663870174j),0j,0j,0j
67,0j,0j,0j,0j,0j,0j,0j,0j,0j,0j,0j,0j,0j,0j,0j,0j,0j,0j,0j,0j,0j,0j,0j,0j,0j,0j,0j,0j,0j,0j,0j,0j,0j,0j,0j,0j,0j,0j,0j,0j,0j,0j,0j,0j,0j,0j,0j,0j,0j,0j,0j,0j,0j,0j,0j,0j,0j,0j,0j,0j,0j,0j,0j,0j,0j,0j,0j,(198.84377874432784-100.33513658292327j),0j,0j,0j,0j,0j,0j,0j,0j,0j,0j,0j,0j,0j,0j,0j,0j,0j,0j,0j,0j,0j,0j,0j,0j,0j,0j,0j,0j,0j,0j,0j,0j,0j,0j,0j,0j,0j,(-87.18288873661412+45.86985960047068j),(-24.4780012710996+8.595417381981909j),(-87.18288873661412+45.86985960047068j),0j,0j,0j
68,0j,0j,0j,0j,0j,0j,0j,0j,0j,0j,0j,0j,0j,0j,0j,0j,0j,0j,0j,0j,0j,0j,0j,0j,0j,0j,0j,0j,0j,0j,0j,0j,0j,0j,0j,0j,0j,0j,0j,0j,0j,0j,0j,0j,0j,0j,0j,0j,0j,0j,0j,0j,0j,0j,0j,0j,0j,0j,0j,0j,0j,0j,0j,0j,0j,0j,0j,0j,(210.67505034392067-97.61632568052207j),0j,0j,0j,0j,0j,0j,0j,0j,0j,0j,0j,0j,0j,0j,0j,0j,0j,0j,0j,0j,0j,0j,0j,0j,0j,0j,0j,0j,0j,0j,0j,0j,0j,0j,0j,0j,(-99.17731040143418+42.74328663870174j),(-87.18288873661412+45.86985960047068j),(-24.314851205872372+9.003179441349651j),0j,0j,0j
69,0j,0j,0j,0j,0j,0j,0j,0j,0j,(-16.464185420960902+8.543914404059256j),(-46.723501099706986+20.249088651505122j),(-53.115713946197204+17.620283732206314j),0j,0j,0j,0j,0j,0j,0j,0j,0j,0j,0j,0j,0j,0j,0j,(-49.39255626288271+25.631743212177767j),(-140.17050329912095+60.747265954515356j),(-159.34714183859163+52.86085119661894j),0j,0j,0j,0j,0j,0j,0j,0j,0j,0j,0j,0j,0j,0j,0j,0j,0j,0j,0j,0j,0j,0j,0j,0j,0j,0j,0j,0j,0j,0j,0j,0j,0j,0j,0j,0j,0j,0j,0j,(465.21360186746034-185.65314715108275j),0j,0j,0j,0j,0j,0j,0j,0j,0j,0j,0j,0j,0j,0j,0j,0j,0j,0j,0j,0j,0j,0j,0j,0j,0j,0j,0j,0j,0j,0j,0j,0j,0j,0j,0j,0j,0j,0j,0j,0j,0j
70,0j,0j,0j,0j,0j,0j,0j,0j,0j,(-46.723501099706986+20.249088651505122j),(-16.79613830304351+8.159450998698606j),(-46.723501099706986+20.249088651505122j),0j,0j,0j,0j,0j,0j,0j,0j,0j,0j,0j,0j,0j,0j,0j,(-140.17050329912095+60.747265954515356j),(-50.38841490913053+24.478352996095825j),(-140.17050329912095+60.747265954515356j),0j,0j,0j,0j,0j,0j,0j,0j,0j,0j,0j,0j,0j,0j,0j,0j,0j,0j,0j,0j,0j,0j,0j,0j,0j,0j,0j,0j,0j,0j,0j,0j,0j,0j,0j,0j,0j,0j,0j,0j,(440.97256200982997-194.63051320683536j),0j,0j,0j,0j,0j,0j,0j,0j,0j,0j,0j,0j,0j,0j,0j,0j,0j,0j,0j,0j,0j,0j,0j,0j,0j,0j,0j,0j,0j,0j,0j,0j,0j,0j,0j,0j,0j,0j,0j,0j
71,0j,0j,0j,0j,0j,0j,0j,0j,0j,(-53.115713946197204+17.620283732206314j),(-46.723501099706986+20.249088651505122j),(-16.464185420960902+8.543914404059256j),0j,0j,0j,0j,0j,0j,0j,0j,0j,0j,0j,0j,0j,0j,0j,(-159.34714183859163+52.86085119661894j),(-140.17050329912095+60.747265954515356j),(-49.39255626288271+25.631743212177767j),0j,0j,0j,0j,0j,0j,0j,0j,0j,0j,0j,0j,0j,0j,0j,0j,0j,0j,0j,0j,0j,0j,0j,0j,0j,0j,0j,0j,0j,0j,0j,0j,0j,0j,0j,0j,0j,0j,0j,0j,0j,(465.2136018674604-185.65314715108275j),0j,0j,0j,0j,0j,0j,0j,0j,0j,0j,0j,0j,0j,0j,0j,0j,0j,0j,0j,0j,0j,0j,0j,0j,0j,0j,0j,0j,0j,0j,0j,0j,0j,0j,0j,0j,0j,0j,0j
72,0j,0j,0j,0j,0j,0j,0j,0j,0j,0j,0j,0j,0j,0j,0j,0j,0j,0j,0j,0j,0j,0j,0j,0j,0j,0j,0j,(-16.464185420960902+8.543914404059256j),(-46.723501099706986+20.249088651505122j),(-53.115713946197204+17.620283732206314j),0j,0j,0j,0j,0j,0j,0j,0j,0j,0j,0j,0j,0j,0j,0j,0j,0j,0j,0j,0j,0j,0j,0j,0j,0j,0j,0j,0j,0j,0j,0j,0j,0j,0j,0j,0j,0j,0j,0j,0j,0j,0j,(116.30340046686509-46.413286787770694j),0j,0j,0j,0j,0j,0j,0j,0j,0j,0j,0j,0j,0j,0j,0j,0j,0j,0j,0j,0j,0j,0j,0j,0j,0j,0j,0j,0j,0j,0j,0j,0j,0j,0j,0j,0j,0j,0j
73,0j,0j,0j,0j,0j,0j,0j,0j,0j,0j,0j,0j,0j,0j,0j,0j,0j,0j,0j,0j,0j,0j,0j,0j,0j,0j,0j,(-46.723501099706986+20.249088651505122j),(-16.79613830304351+8.159450998698606j),(-46.723501099706986+20.249088651505122j),0j,0j,0j,0j,0j,0j,0j,0j,0j,0j,0j,0j,0j,0j,0j,0j,0j,0j,0j,0j,0j,0j,0j,0j,0j,0j,0j,0j,0j,0j,0j,0j,0j,0j,0j,0j,0j,0j,0j,0j,0j,0j,0j,(110.24314050245749-48.657628301708854j),0j,0j,0j,0j,0j,0j,0j,0j,0j,0j,0j,0j,0j,0j,0j,0j,0j,0j,0j,0j,0j,0j,0j,0j,0j,0j,0j,0j,0j,0j,0j,0j,0j,0j,0j,0j,0j
74,0j,0j,0j,0j,0j,0j,0j,0j,0j,0j,0j,0j,0j,0j,0j,0j,0j,0j,0j,0j,0j,0j,0j,0j,0j,0j,0j,(-53.115713946197204+17.620283732206314j),(-46.723501099706986+20.249088651505122j),(-16.464185420960902+8.543914404059256j),0j,0j,0j,0j,0j,0j,0j,0j,0j,0j,0j,0j,0j,0j,0j,0j,0j,0j,0j,0j,0j,0j,0j,0j,0j,0j,0j,0j,0j,0j,0j,0j,0j,0j,0j,0j,0j,0j,0j,0j,0j,0j,0j,0j,(116.3034004668651-46.41328678777069j),0j,0j,0j,0j,0j,0j,0j,0j,0j,0j,0j,0j,0j,0j,0j,0j,0j,0j,0j,0j,0j,0j,0j,0j,0j,0j,0j,0j,0j,0j,0j,0j,0j,0j,0j,0j
75,0j,0j,0j,0j,0j,0j,0j,0j,0j,0j,0j,0j,0j,0j,0j,0j,0j,0j,0j,0j,0j,0j,0j,0j,(-21.27549480513833+7.877782011180944j),(-76.28502764453735+40.13612715041185j),(-86.78014660125491+37.40037580886402j),0j,0j,0j,0j,0j,0j,0j,0j,0j,0j,0j,0j,0j,0j,0j,0j,0j,0j,0j,0j,0j,0j,0j,0j,0j,0j,0j,0j,0j,0j,0j,0j,0j,0j,0j,0j,0j,0j,0j,0j,0j,0j,0j,0j,0j,0j,0j,0j,(184.34066905093061-85.4142849704568j),0j,0j,0j,0j,0j,0j,0j,0j,0j,0j,0j,0j,0j,0j,0j,0j,0j,0j,0j,0j,0j,0j,0j,0j,0j,0j,0j,0j,0j,0j,0j,0j,0j,0j,0j
76,0j,0j,0j,0j,0j,0j,0j,0j,0j,0j,0j,0j,0j,0j,0j,0j,0j,0j,0j,0j,0j,0j,0j,0j,(-76.28502764453735+40.13612715041185j),(-21.418251112212154+7.520990209234171j),(-76.28502764453735+40.13612715041185j),0j,0j,0j,0j,0j,0j,0j,0j,0j,0j,0j,0j,0j,0j,0j,0j,0j,0j,0j,0j,0j,0j,0j,0j,0j,0j,0j,0j,0j,0j,0j,0j,0j,0j,0j,0j,0j,0j,0j,0j,0j,0j,0j,0j,0j,0j,0j,0j,0j,(173.98830640128688-87.79324451005787j),0j,0j,0j,0j,0j,0j,0j,0j,0j,0j,0j,0j,0j,0j,0j,0j,0j,0j,0j,0j,0j,0j,0j,0j,0j,0j,0j,0j,0j,0j,0j,0j,0j,0j
77,0j,0j,0j,0j,0j,0j,0j,0j,0j,0j,0j,0j,0j,0j,0j,0j,0j,0j,0j,0j,0j,0j,0j,0j,(-86.78014660125491+37.40037580886402j),(-76.28502764453735+40.13612715041185j),(-21.27549480513833+7.877782011180944j),0j,0j,0j,0j,0j,0j,0j,0j,0j,0j,0j,0j,0j,0j,0j,0j,0j,0j,0j,0j,0j,0j,0j,0j,0j,0j,0j,0j,0j,0j,0j,0j,0j,0j,0j,0j,0j,0j,0j,0j,0j,0j,0j,0j,0j,0j,0j,0j,0j,0j,(184.3406690509306-85.41428497045682j),0j,0j,0j,0j,0j,0j,0j,0j,0j,0j,0j,0j,0j,0j,0j,0j,0j,0j,0j,0j,0j,0j,0j,0j,0j,0j,0j,0j,0j,0j,0j,0j,0j
78,0j,0j,0j,0j,0j,0j,0j,0j,0j,0j,0j,0j,0j,0j,0j,0j,0j,0j,0j,0j,0j,0j,0j,0j,(-30.870347664301686+16.0198395076111j),(-87.60656456195059+37.9670412215721j),(-99.59196364911976+33.03803199788685j),0j,0j,0j,0j,0j,0j,0j,0j,0j,0j,0j,0j,0j,0j,0j,0j,0j,0j,0j,0j,0j,0j,0j,0j,0j,0j,0j,0j,0j,0j,0j,0j,0j,0j,0j,0j,0j,0j,0j,0j,0j,0j,0j,0j,0j,0j,0j,0j,0j,0j,0j,(342.67966208987036-136.7534342853958j),0j,0j,(-17.64019866531525+9.1541940043492j),(-50.06089403540034+21.695452126612633j),(-56.90969351378273+18.878875427363912j),0j,0j,0j,0j,0j,0j,0j,0j,0j,0j,0j,0j,0j,0j,0j,0j,0j,0j,0j,0j,0j,0j,0j,0j,0j,0j,0j
79,0j,0j,0j,0j,0j,0j,0j,0j,0j,0j,0j,0j,0j,0j,0j,0j,0j,0j,0j,0j,0j,0j,0j,0j,(-87.60656456195059+37.9670412215721j),(-31.492759318206584+15.298970622559887j),(-87.60656456195059+37.9670412215721j),0j,0j,0j,0j,0j,0j,0j,0j,0j,0j,0j,0j,0j,0j,0j,0j,0j,0j,0j,0j,0j,0j,0j,0j,0j,0j,0j,0j,0j,0j,0j,0j,0j,0j,0j,0j,0j,0j,0j,0j,0j,0j,0j,0j,0j,0j,0j,0j,0j,0j,0j,0j,(324.82353898045506-143.36622624610644j),0j,(-50.06089403540034+21.695452126612633j),(-17.995862467546623+8.74226892717708j),(-50.06089403540034+21.695452126612633j),0j,0j,0j,0j,0j,0j,0j,0j,0j,0j,0j,0j,0j,0j,0j,0j,0j,0j,0j,0j,0j,0j,0j,0j,0j,0j,0j
80,0j,0j,0j,0j,0j,0j,0j,0j,0j,0j,0j,0j,0j,0j,0j,0j,0j,0j,0j,0j,0j,0j,0j,0j,(-99.59196364911976+33.03803199788685j),(-87.60656456195059+37.9670412215721j),(-30.870347664301686+16.0198395076111j),0j,0j,0j,0j,0j,0j,0j,0j,0j,0j,0j,0j,0j,0j,0j,0j,0j,0j,0j,0j,0j,0j,0j,0j,0j,0j,0j,0j,0j,0j,0j,0j,0j,0j,0j,0j,0j,0j,0j,0j,0j,0j,0j,0j,0j,0j,0j,0j,0j,0j,0j,0j,0j,(342.67966208987036-136.7534342853958j),(-56.90969351378273+18.878875427363912j),(-50.06089403540034+21.695452126612633j),(-17.64019866531525+9.1541940043492j),0j,0j,0j,0j,0j,0j,0j,0j,0j,0j,0j,0j,0j,0j,0j,0j,0j,0j,0j,0j,0j,0j,0j,0j,0j,0j,0j
81,0j,0j,0j,0j,0j,0j,0j,0j,0j,0j,0j,0j,0j,0j,0j,0j,0j,0j,0j,0j,0j,0j,0j,0j,0j,0j,0j,0j,0j,0j,(-13.092612187777434+4.847865853034428j),(-46.944632396638376+24.69915516948422j),(-53.403167139233794+23.01561588237786j),0j,0j,0j,0j,0j,0j,0j,0j,0j,0j,0j,0j,0j,0j,0j,0j,0j,0j,0j,0j,0j,0j,0j,0j,0j,0j,0j,0j,0j,0j,0j,0j,0j,0j,0j,0j,0j,0j,0j,0j,0j,0j,0j,0j,0j,(-17.64019866531525+9.1541940043492j),(-50.06089403540034+21.695452126612633j),(-56.90969351378273+18.878875427363912j),(347.08563587583393-145.80361482675727j),0j,0j,0j,0j,0j,0j,0j,0j,(-15.435173832150843+8.00991975380555j),(-43.803282280975296+18.98352061078605j),(-49.79598182455988+16.519015998943424j),0j,0j,0j,0j,0j,0j,0j,0j,0j,0j,0j,0j,0j,0j,0j,0j,0j,0j
82,0j,0j,0j,0j,0j,0j,0j,0j,0j,0j,0j,0j,0j,0j,0j,0j,0j,0j,0j,0j,0j,0j,0j,0j,0j,0j,0j,0j,0j,0j,(-46.944632396638376+24.69915516948422j),(-13.18046222289979+4.628301667221029j),(-46.944632396638376+24.69915516948422j),0j,0j,0j,0j,0j,0j,0j,0j,0j,0j,0j,0j,0j,0j,0j,0j,0j,0j,0j,0j,0j,0j,0j,0j,0j,0j,0j,0j,0j,0j,0j,0j,0j,0j,0j,0j,0j,0j,0j,0j,0j,0j,0j,0j,0j,(-50.06089403540034+21.695452126612633j),(-17.995862467546623+8.74226892717708j),(-50.06089403540034+21.695452126612633j),0j,(328.54032177557775-151.77631171944387j),0j,0j,0j,0j,0j,0j,0j,(-43.803282280975296+18.98352061078605j),(-15.746379659103292+7.6494853112799435j),(-43.803282280975296+18.98352061078605j),0j,0j,0j,0j,0j,0j,0j,0j,0j,0j,0j,0j,0j,0j,0j,0j,0j,0j
83,0j,0j,0j,0j,0j,0j,0j,0j,0j,0j,0j,0j,0j,0j,0j,0j,0j,0j,0j,0j,0j,0j,0j,0j,0j,0j,0j,0j,0j,0j,(-53.403167139233794+23.01561588237786j),(-46.944632396638376+24.69915516948422j),(-13.092612187777434+4.847865853034428j),0j,0j,0j,0j,0j,0j,0j,0j,0j,0j,0j,0j,0j,0j,0j,0j,0j,0j,0j,0j,0j,0j,0j,0j,0j,0j,0j,0j,0j,0j,0j,0j,0j,0j,0j,0j,0j,0j,0j,0j,0j,0j,0j,0j,0j,(-56.90969351378273+18.878875427363912j),(-50.06089403540034+21.695452126612633j),(-17.64019866531525+9.1541940043492j),0j,0j,(347.085635875834-145.80361482675727j),0j,0j,0j,0j,0j,0j,(-49.79598182455988+16.519015998943424j),(-43.803282280975296+18.98352061078605j),(-15.435173832150843+8.00991975380555j),0j,0j,0j,0j,0j,0j,0j,0j,0j,0j,0j,0j,0j,0j,0j,0j,0j,0j
84,0j,0j,0j,0j,0j,0j,0j,0j,0j,0j,0j,0j,0j,0j,0j,0j,0j,0j,0j,0j,0j,0j,0j,0j,0j,0j,0j,0j,0j,0j,(-34.040791688221326+12.60445121788951j),(-122.05604423125978+64.21780344065897j),(-138.8482345620079+59.84060129418243j),0j,0j,0j,0j,0j,0j,0j,0j,0j,0j,0j,0j,0j,0j,0j,0j,0j,0j,0j,0j,0j,0j,0j,0j,0j,0j,0j,0j,0j,0j,0j,0j,0j,0j,0j,0j,0j,0j,0j,0j,0j,0j,0j,0j,0j,0j,0j,0j,0j,0j,0j,(294.945070481489-136.6628559527309j),0j,0j,0j,0j,0j,0j,0j,0j,0j,0j,0j,0j,0j,0j,0j,0j,0j,0j,0j,0j,0j,0j,0j,0j,0j,0j
85,0j,0j,0j,0j,0j,0j,0j,0j,0j,0j,0j,0j,0j,0j,0j,0j,0j,0j,0j,0j,0j,0j,0j,0j,0j,0j,0j,0j,0j,0j,(-122.05604423125978+64.21780344065897j),(-34.26920177953944+12.033584334774677j),(-122.05604423125978+64.21780344065897j),0j,0j,0j,0j,0j,0j,0j,0j,0j,0j,0j,0j,0j,0j,0j,0j,0j,0j,0j,0j,0j,0j,0j,0j,0j,0j,0j,0j,0j,0j,0j,0j,0j,0j,0j,0j,0j,0j,0j,0j,0j,0j,0j,0j,0j,0j,0j,0j,0j,0j,0j,0j,(278.381290242059-140.4691912160926j),0j,0j,0j,0j,0j,0j,0j,0j,0j,0j,0j,0j,0j,0j,0j,0j,0j,0j,0j,0j,0j,0j,0j,0j,0j
86,0j,0j,0j,0j,0j,0j,0j,0j,0j,0j,0j,0j,0j,0j,0j,0j,0j,0j,0j,0j,0j,0j,0j,0j,0j,0j,0j,0j,0j,0j,(-138.8482345620079+59.84060129418243j),(-122.05604423125978+64.21780344065897j),(-34.040791688221326+12.60445121788951j),0j,0j,0j,0j,0j,0j,0j,0j,0j,0j,0j,0j,0j,0j,0j,0j,0j,0j,0j,0j,0j,0j,0j,0j,0j,0j,0j,0j,0j,0j,0j,0j,0j,0j,0j,0j,0j,0j,0j,0j,0j,0j,0j,0j,0j,0j,0j,0j,0j,0j,0j,0j,0j,(294.945070481489-136.6628559527309j),0j,0j,0j,0j,0j,0j,0j,0j,0j,0j,0j,0j,0j,0j,0j,0j,0j,0j,0j,0j,0j,0j,0j,0j
87,0j,0j,0j,0j,0j,0j,0j,0j,0j,0j,0j,0j,0j,0j,0j,0j,0j,0j,0j,0j,0j,0j,0j,0j,0j,0j,0j,0j,0j,0j,(-5.318873701284582+1.969445502795236j),(-19.071256911134338+10.034031787602963j),(-21.695036650313728+9.350093952216005j),0j,0j,0j,0j,0j,0j,0j,0j,0j,0j,0j,0j,0j,0j,0j,0j,0j,0j,0j,0j,0j,0j,0j,0j,0j,0j,0j,0j,0j,0j,0j,0j,0j,0j,0j,0j,0j,0j,0j,0j,0j,0j,0j,0j,0j,0j,0j,0j,0j,0j,0j,0j,0j,0j,(46.085167262732654-21.3535712426142j),0j,0j,0j,0j,0j,0j,0j,0j,0j,0j,0j,0j,0j,0j,0j,0j,0j,0j,0j,0j,0j,0j,0j
88,0j,0j,0j,0j,0j,0j,0j,0j,0j,0j,0j,0j,0j,0j,0j,0j,0j,0j,0j,0j,0j,0j,0j,0j,0j,0j,0j,0j,0j,0j,(-19.071256911134338+10.034031787602963j),(-5.3545627780530385+1.8802475523085427j),(-19.071256911134338+10.034031787602963j),0j,0j,0j,0j,0j,0j,0j,0j,0j,0j,0j,0j,0j,0j,0j,0j,0j,0j,0j,0j,0j,0j,0j,0j,0j,0j,0j,0j,0j,0j,0j,0j,0j,0j,0j,0j,0j,0j,0j,0j,0j,0j,0j,0j,0j,0j,0j,0j,0j,0j,0j,0j,0j,0j,0j,(43.49707660032172-21.94831112751447j),0j,0j,0j,0j,0j,0j,0j,0j,0j,0j,0j,0j,0j,0j,0j,0j,0j,0j,0j,0j,0j,0j
89,0j,0j,0j,0j,0j,0j,0j,0j,0j,0j,0j,0j,0j,0j,0j,0j,0j,0j,0j,0j,0j,0j,0j,0j,0j,0j,0j,0j,0j,0j,(-21.695036650313728+9.350093952216005j),(-19.071256911134338+10.034031787602963j),(-5.318873701284582+1.969445502795236j),0j,0j,0j,0j,0j,0j,0j,0j,0j,0j,0j,0j,0j,0j,0j,0j,0j,0j,0j,0j,0j,0j,0j,0j,0j,0j,0j,0j,0j,0j,0j,0j,0j,0j,0j,0j,0j,0j,0j,0j,0j,0j,0j,0j,0j,0j,0j,0j,0j,0j,0j,0j,0j,0j,0j,0j,(46.08516726273265-21.353571242614205j),0j,0j,0j,0j,0j,0j,0j,0j,0j,0j,0j,0j,0j,0j,0j,0j,0j,0j,0j,0j,0j
90,0j,0j,0j,0j,0j,0j,0j,0j,0j,0j,0j,0j,0j,0j,0j,0j,0j,0j,0j,0j,0j,0j,0j,0j,0j,0j,0j,0j,0j,0j,0j,0j,0j,0j,0j,0j,0j,0j,0j,0j,0j,0j,0j,0j,0j,0j,0j,0j,0j,0j,0j,0j,0j,0j,0j,0j,0j,0j,0j,0j,0j,0j,0j,0j,0j,0j,0j,0j,0j,0j,0j,0j,0j,0j,0j,0j,0j,0j,0j,0j,0j,(-15.435173832150843+8.00991975380555j),(-43.803282280975296+18.98352061078605j),(-49.79598182455988+16.519015998943424j),0j,0j,0j,0j,0j,0j,(283.4895386379837-113.13238654519105j),0j,0j,(-24.696278131441353+12.815871606088884j),(-70.08525164956048+30.373632977257678j),(-79.67357091929581+26.43042559830947j),0j,0j,0j,0j,0j,0j,0j,0j,0j,0j,0j,0j,0j,0j,0j
91,0j,0j,0j,0j,0j,0j,0j,0j,0j,0j,0j,0j,0j,0j,0j,0j,0j,0j,0j,0j,0j,0j,0j,0j,0j,0j,0j,0j,0j,0j,0j,0j,0j,0j,0j,0j,0j,0j,0j,0j,0j,0j,0j,0j,0j,0j,0j,0j,0j,0j,0j,0j,0j,0j,0j,0j,0j,0j,0j,0j,0j,0j,0j,0j,0j,0j,0j,0j,0j,0j,0j,0j,0j,0j,0j,0j,0j,0j,0j,0j,0j,(-43.803282280975296+18.98352061078605j),(-15.746379659103292+7.6494853112799435j),(-43.803282280975296+18.98352061078605j),0j,0j,0j,0j,0j,0j,0j,(268.71765497474007-118.60296898541532j),0j,(-70.08525164956048+30.373632977257678j),(-25.194207454565266+12.239176498047913j),(-70.08525164956048+30.373632977257678j),0j,0j,0j,0j,0j,0j,0j,0j,0j,0j,0j,0j,0j,0j,0j
92,0j,0j,0j,0j,0j,0j,0j,0j,0j,0j,0j,0j,0j,0j,0j,0j,0j,0j,0j,0j,0j,0j,0j,0j,0j,0j,0j,0j,0j,0j,0j,0j,0j,0j,0j,0j,0j,0j,0j,0j,0j,0j,0j,0j,0j,0j,0j,0j,0j,0j,0j,0j,0j,0j,0j,0j,0j,0j,0j,0j,0j,0j,0j,0j,0j,0j,0j,0j,0j,0j,0j,0j,0j,0j,0j,0j,0j,0j,0j,0j,0j,(-49.79598182455988+16.519015998943424j),(-43.803282280975296+18.98352061078605j),(-15.435173832150843+8.00991975380555j),0j,0j,0j,0j,0j,0j,0j,0j,(283.4895386379836-113.13238654519105j),(-79.67357091929581+26.43042559830947j),(-70.08525164956048+30.373632977257678j),(-24.696278131441353+12.815871606088884j),0j,0j,0j,0j,0j,0j,0j,0j,0j,0j,0j,0j,0j,0j,0j
93,0j,0j,0j,0j,0j,0j,0j,0j,0j,0j,0j,0j,0j,0j,0j,0j,0j,0j,0j,0j,0j,0j,0j,0j,0j,0j,0j,0j,0j,0j,0j,0j,0j,(-24.696278131441353+12.815871606088884j),(-70.08525164956048+30.373632977257678j),(-79.67357091929581+26.43042559830947j),0j,0j,0j,0j,0j,0j,0j,0j,0j,0j,0j,0j,0j,0j,0j,0j,0j,0j,0j,0j,0j,0j,0j,0j,0j,0j,0j,0j,0j,0j,0j,0j,0j,0j,0j,0j,0j,0j,0j,0j,0j,0j,0j,0j,0j,0j,0j,0j,0j,0j,0j,0j,0j,0j,(-24.696278131441353+12.815871606088884j),(-70.08525164956048+30.373632977257678j),(-79.67357091929581+26.43042559830947j),(348.91020140059527-139.23986036331206j),0j,0j,0j,0j,0j,0j,0j,0j,0j,0j,0j,0j,0j,0j,0j,0j,0j
94,0j,0j,0j,0j,0j,0j,0j,0j,0j,0j,0j,0j,0j,0j,0j,0j,0j,0j,0j,0j,0j,0j,0j,0j,0j,0j,0j,0j,0j,0j,0j,0j,0j,(-70.08525164956048+30.373632977257678j),(-25.194207454565266+12.239176498047913j),(-70.08525164956048+30.373632977257678j),0j,0j,0j,0j,0j,0j,0j,0j,0j,0j,0j,0j,0j,0j,0j,0j,0j,0j,0j,0j,0j,0j,0j,0j,0j,0j,0j,0j,0j,0j,0j,0j,0j,0j,0j,0j,0j,0j,0j,0j,0j,0j,0j,0j,0j,0j,0j,0j,0j,0j,0j,0j,0j,0j,(-70.08525164956048+30.373632977257678j),(-25.194207454565266+12.239176498047913j),(-70.08525164956048+30.373632977257678j),0j,(330.7294215073724-145.97288490512653j),0j,0j,0j,0j,0j,0j,0j,0j,0j,0j,0j,0j,0j,0j,0j,0j
95,0j,0j,0j,0j,0j,0j,0j,0j,0j,0j,0j,0j,0j,0j,0j,0j,0j,0j,0j,0j,0j,0j,0j,0j,0j,0j,0j,0j,0j,0j,0j,0j,0j,(-79.67357091929581+26.43042559830947j),(-70.08525164956048+30.373632977257678j),(-24.696278131441353+12.815871606088884j),0j,0j,0j,0j,0j,0j,0j,0j,0j,0j,0j,0j,0j,0j,0j,0j,0j,0j,0j,0j,0j,0j,0j,0j,0j,0j,0j,0j,0j,0j,0j,0j,0j,0j,0j,0j,0j,0j,0j,0j,0j,0j,0j,0j,0j,0j,0j,0j,0j,0j,0j,0j,0j,0j,(-79.67357091929581+26.43042559830947j),(-70.08525164956048+30.373632977257678j),(-24.696278131441353+12.815871606088884j),0j,0j,(348.91020140059527-139.23986036331206j),0j,0j,0j,0j,0j,0j,0j,0j,0j,0j,0j,0j,0j,0j,0j
96,0j,0j,0j,0j,0j,0j,0j,0j,0j,0j,0j,0j,0j,0j,0j,0j,0j,0j,0j,0j,0j,0j,0j,0j,0j,0j,0j,0j,0j,0j,0j,0j,0j,(-34.040791688221326+12.60445121788951j),(-122.05604423125978+64.21780344065897j),(-138.8482345620079+59.84060129418243j),0j,0j,0j,0j,0j,0j,0j,0j,0j,0j,0j,0j,0j,0j,0j,0j,0j,0j,0j,0j,0j,0j,0j,0j,0j,0j,0j,0j,0j,0j,0j,0j,0j,0j,0j,0j,0j,0j,0j,0j,0j,0j,0j,0j,0j,0j,0j,0j,0j,0j,0j,0j,0j,0j,0j,0j,0j,0j,0j,0j,(294.945070481489-136.6628559527309j),0j,0j,0j,0j,0j,0j,0j,0j,0j,0j,0j,0j,0j,0j
97,0j,0j,0j,0j,0j,0j,0j,0j,0j,0j,0j,0j,0j,0j,0j,0j,0j,0j,0j,0j,0j,0j,0j,0j,0j,0j,0j,0j,0j,0j,0j,0j,0j,(-122.05604423125978+64.21780344065897j),(-34.26920177953944+12.033584334774677j),(-122.05604423125978+64.21780344065897j),0j,0j,0j,0j,0j,0j,0j,0j,0j,0j,0j,0j,0j,0j,0j,0j,0j,0j,0j,0j,0j,0j,0j,0j,0j,0j,0j,0j,0j,0j,0j,0j,0j,0j,0j,0j,0j,0j,0j,0j,0j,0j,0j,0j,0j,0j,0j,0j,0j,0j,0j,0j,0j,0j,0j,0j,0j,0j,0j,0j,0j,(278.381290242059-140.4691912160926j),0j,0j,0j,0j,0j,0j,0j,0j,0j,0j,0j,0j,0j
98,0j,0j,0j,0j,0j,0j,0j,0j,0j,0j,0j,0j,0j,0j,0j,0j,0j,0j,0j,0j,0j,0j,0j,0j,0j,0j,0j,0j,0j,0j,0j,0j,0j,(-138.8482345620079+59.84060129418243j),(-122.05604423125978+64.21780344065897j),(-34.040791688221326+12.60445121788951j),0j,0j,0j,0j,0j,0j,0j,0j,0j,0j,0j,0j,0j,0j,0j,0j,0j,0j,0j,0j,0j,0j,0j,0j,0j,0j,0j,0j,0j,0j,0j,0j,0j,0j,0j,0j,0j,0j,0j,0j,0j,0j,0j,0j,0j,0j,0j,0j,0j,0j,0j,0j,0j,0j,0j,0j,0j,0j,0j,0j,0j,0j,(294.945070481489-136.6628559527309j),0j,0j,0j,0j,0j,0j,0j,0j,0j,0j,0j,0j
99,0j,0j,0j,0j,0j,0j,0j,0j,0j,0j,0j,0j,0j,0j,0j,0j,0j,0j,0j,0j,0j,0j,0j,0j,0j,0j,0j,0j,0j,0j,0j,0j,0j,(-24.696278131441353+12.815871606088884j),(-70.08525164956048+30.373632977257678j),(-79.67357091929581+26.43042559830947j),0j,0j,0j,0j,0j,0j,0j,0j,0j,0j,0j,0j,0j,0j,0j,0j,0j,0j,0j,0j,0j,0j,0j,0j,0j,0j,0j,0j,0j,0j,0j,0j,0j,0j,0j,0j,0j,0j,0j,0j,0j,0j,0j,0j,0j,0j,0j,0j,0j,0j,0j,0j,0j,0j,0j,0j,0j,0j,0j,0j,0j,0j,0j,(174.45510070029763-69.61993018165603j),0j,0j,0j,0j,0j,0j,0j,0j,0j,0j,0j
100,0j,0j,0j,0j,0j,0j,0j,0j,0j,0j,0j,0j,0j,0j,0j,0j,0j,0j,0j,0j,0j,0j,0j,0j,0j,0j,0j,0j,0j,0j,0j,0j,0j,(-70.08525164956048+30.373632977257678j),(-25.194207454565266+12.239176498047913j),(-70.08525164956048+30.373632977257678j),0j,0j,0j,0j,0j,0j,0j,0j,0j,0j,0j,0j,0j,0j,0j,0j,0j,0j,0j,0j,0j,0j,0j,0j,0j,0j,0j,0j,0j,0j,0j,0j,0j,0j,0j,0j,0j,0j,0j,0j,0j,0j,0j,0j,0j,0j,0j,0j,0j,0j,0j,0j,0j,0j,0j,0j,0j,0j,0j,0j,0j,0j,0j,0j,(165.3647107536862-72.98644245256327j),0j,0j,0j,0j,0j,0j,0j,0j,0j,0j
101,0j,0j,0j,0j,0j,0j,0j,0j,0j,0j,0j,0j,0j,0j,0j,0j,0j,0j,0j,0j,0j,0j,0j,0j,0j,0j,0j,0j,0j,0j,0j,0j,0j,(-79.67357091929581+26.43042559830947j),(-70.08525164956048+30.373632977257678j),(-24.696278131441353+12.815871606088884j),0j,0j,0j,0j,0j,0j,0j,0j,0j,0j,0j,0j,0j,0j,0j,0j,0j,0j,0j,0j,0j,0j,0j,0j,0j,0j,0j,0j,0j,0j,0j,0j,0j,0j,0j,0j,0j,0j,0j,0j,0j,0j,0j,0j,0j,0j,0j,0j,0j,0j,0j,0j,0j,0j,0j,0j,0j,0j,0j,0j,0j,0j,0j,0j,0j,(174.45510070029763-69.61993018165603j),0j,0j,0j,0j,0j,0j,0j,0j,0j
102,0j,0j,0j,0j,0j,0j,0j,0j,0j,0j,0j,0j,0j,0j,0j,(-21.27549480513833+7.877782011180944j),(-76.28502764453735+40.13612715041185j),(-86.78014660125491+37.40037580886402j),0j,0j,0j,0j,0j,0j,0j,0j,0j,0j,0j,0j,0j,0j,0j,0j,0j,0j,0j,0j,0j,0j,0j,0j,0j,0j,0j,0j,0j,0j,0j,0j,0j,0j,0j,0j,0j,0j,0j,0j,0j,0j,0j,0j,0j,0j,0j,0j,0j,0j,0j,0j,0j,0j,0j,0j,0j,0j,0j,0j,0j,0j,0j,0j,0j,0j,0j,0j,0j,0j,0j,0j,0j,0j,0j,0j,0j,0j,0j,0j,0j,0j,0j,0j,(184.3406690509306-85.41428497045682j),0j,0j,0j,0j,0j,0j,0j,0j
103,0j,0j,0j,0j,0j,0j,0j,0j,0j,0j,0j,0j,0j,0j,0j,(-76.28502764453735+40.13612715041185j),(-21.418251112212154+7.520990209234171j),(-76.28502764453735+40.13612715041185j),0j,0j,0j,0j,0j,0j,0j,0j,0j,0j,0j,0j,0j,0j,0j,0j,0j,0j,0j,0j,0j,0j,0j,0j,0j,0j,0j,0j,0j,0j,0j,0j,0j,0j,0j,0j,0j,0j,0j,0j,0j,0j,0j,0j,0j,0j,0j,0j,0j,0j,0j,0j,0j,0j,0j,0j,0j,0j,0j,0j,0j,0j,0j,0j,0j,0j,0j,0j,0j,0j,0j,0j,0j,0j,0j,0j,0j,0j,0j,0j,0j,0j,0j,0j,0j,(173.98830640128688-87.79324451005787j),0j,0j,0j,0j,0j,0j,0j
104,0j,0j,0j,0j,0j,0j,0j,0j,0j,0j,0j,0j,0j,0j,0j,(-86.78014660125491+37.40037580886402j),(-76.28502764453735+40.13612715041185j),(-21.27549480513833+7.877782011180944j),0j,0j,0j,0j,0j,0j,0j,0j,0j,0j,0j,0j,0j,0j,0j,0j,0j,0j,0j,0j,0j,0j,0j,0j,0j,0j,0j,0j,0j,0j,0j,0j,0j,0j,0j,0j,0j,0j,0j,0j,0j,0j,0j,0j,0j,0j,0j,0j,0j,0j,0j,0j,0j,0j,0j,0j,0j,0j,0j,0j,0j,0j,0j,0j,0j,0j,0j,0j,0j,0j,0j,0j,0j,0j,0j,0j,0j,0j,0j,0j,0j,0j,0j,0j,0j,0j,(184.34066905093061-85.4142849704568j),0j,0j,0j,0j,0j,0j
105,0j,0j,0j,0j,0j,0j,0j,0j,0j,0j,0j,0j,0j,0j,0j,0j,0j,0j,0j,0j,0j,0j,0j,0j,0j,0j,0j,0j,0j,0j,0j,0j,0j,0j,0j,0j,0j,0j,0j,0j,0j,0j,0j,0j,0j,0j,0j,0j,0j,0j,0j,0j,0j,0j,0j,0j,0j,0j,0j,0j,(-35.2803973306305+18.3083880086984j),(-100.12178807080068+43.390904253225266j),(-113.81938702756545+37.757750854727824j),(-34.040791688221326+12.60445121788951j),(-122.05604423125978+64.21780344065897j),(-138.8482345620079+59.84060129418243j),(-24.314851205872372+9.003179441349651j),(-87.18288873661412+45.86985960047068j),(-99.17731040143418+42.74328663870174j),0j,0j,0j,0j,0j,0j,0j,0j,0j,0j,0j,0j,0j,0j,0j,0j,0j,0j,0j,0j,0j,0j,0j,0j,0j,0j,0j,0j,0j,0j,0j,0j,0j,0j,0j,0j,(754.8416932544062-333.73622474990447j),0j,0j,0j,0j,0j
106,0j,0j,0j,0j,0j,0j,0j,0j,0j,0j,0j,0j,0j,0j,0j,0j,0j,0j,0j,0j,0j,0j,0j,0j,0j,0j,0j,0j,0j,0j,0j,0j,0j,0j,0j,0j,0j,0j,0j,0j,0j,0j,0j,0j,0j,0j,0j,0j,0j,0j,0j,0j,0j,0j,0j,0j,0j,0j,0j,0j,(-100.12178807080068+43.390904253225266j),(-35.991724935093245+17.48453785435416j),(-100.12178807080068+43.390904253225266j),(-122.05604423125978+64.21780344065897j),(-34.26920177953944+12.033584334774677j),(-122.05604423125978+64.21780344065897j),(-87.18288873661412+45.86985960047068j),(-24.4780012710996+8.595417381981909j),(-87.18288873661412+45.86985960047068j),0j,0j,0j,0j,0j,0j,0j,0j,0j,0j,0j,0j,0j,0j,0j,0j,0j,0j,0j,0j,0j,0j,0j,0j,0j,0j,0j,0j,0j,0j,0j,0j,0j,0j,0j,0j,0j,(713.4603700630814-345.07067415982056j),0j,0j,0j,0j
107,0j,0j,0j,0j,0j,0j,0j,0j,0j,0j,0j,0j,0j,0j,0j,0j,0j,0j,0j,0j,0j,0j,0j,0j,0j,0j,0j,0j,0j,0j,0j,0j,0j,0j,0j,0j,0j,0j,0j,0j,0j,0j,0j,0j,0j,0j,0j,0j,0j,0j,0j,0j,0j,0j,0j,0j,0j,0j,0j,0j,(-113.81938702756545+37.757750854727824j),(-100.12178807080068+43.390904253225266j),(-35.2803973306305+18.3083880086984j),(-138.8482345620079+59.84060129418243j),(-122.05604423125978+64.21780344065897j),(-34.040791688221326+12.60445121788951j),(-99.17731040143418+42.74328663870174j),(-87.18288873661412+45.86985960047068j),(-24.314851205872372+9.003179441349651j),0j,0j,0j,0j,0j,0j,0j,0j,0j,0j,0j,0j,0j,0j,0j,0j,0j,0j,0j,0j,0j,0j,0j,0j,0j,0j,0j,0j,0j,0j,0j,0j,0j,0j,0j,0j,0j,0j,(754.8416932544063-333.73622474990447j),0j,0j,0j
108,0j,0j,0j,0j,0j,0j,0j,0j,0j,0j,0j,0j,0j,0j,0j,0j,0j,0j,0j,0j,0j,0j,0j,0j,0j,0j,0j,(-1.0881063926250565+10.941514281396403j),(-0-0j),(-0-0j),0j,0j,0j,0j,0j,0j,0j,0j,0j,0j,0j,0j,0j,0j,0j,0j,0j,0j,0j,0j,0j,0j,0j,0j,0j,0j,0j,0j,0j,0j,0j,0j,0j,0j,0j,0j,0j,0j,0j,0j,0j,0j,0j,0j,0j,0j,0j,0j,0j,0j,0j,0j,0j,0j,0j,0j,0j,0j,0j,0j,0j,0j,0j,0j,0j,0j,0j,0j,0j,0j,0j,0j,0j,0j,0j,0j,0j,0j,(1.0881063926250565-10.941514281396403j),0j,0j
109,0j,0j,0j,0j,0j,0j,0j,0j,0j,0j,0j,0j,0j,0j,0j,0j,0j,0j,0j,0j,0j,0j,0j,0j,0j,0j,0j,(-0-0j),(-1.0881063926250565+10.941514281396403j),(-0-0j),0j,0j,0j,0j,0j,0j,0j,0j,0j,0j,0j,0j,0j,0j,0j,0j,0j,0j,0j,0j,0j,0j,0j,0j,0j,0j,0j,0j,0j,0j,0j,0j,0j,0j,0j,0j,0j,0j,0j,0j,0j,0j,0j,0j,0j,0j,0j,0j,0j,0j,0j,0j,0j,0j,0j,0j,0j,0j,0j,0j,0j,0j,0j,0j,0j,0j,0j,0j,0j,0j,0j,0j,0j,0j,0j,0j,0j,0j,0j,(1.0881063926250565-10.941514281396403j),0j
110,0j,0j,0j,0j,0j,0j,0j,0j,0j,0j,0j,0j,0j,0j,0j,0j,0j,0j,0j,0j,0j,0j,0j,0j,0j,0j,0j,(-0-0j),(-0-0j),(-1.0881063926250565+10.941514281396403j),0j,0j,0j,0j,0j,0j,0j,0j,0j,0j,0j,0j,0j,0j,0j,0j,0j,0j,0j,0j,0j,0j,0j,0j,0j,0j,0j,0j,0j,0j,0j,0j,0j,0j,0j,0j,0j,0j,0j,0j,0j,0j,0j,0j,0j,0j,0j,0j,0j,0j,0j,0j,0j,0j,0j,0j,0j,0j,0j,0j,0j,0j,0j,0j,0j,0j,0j,0j,0j,0j,0j,0j,0j,0j,0j,0j,0j,0j,0j,0j,(1.0881063926250565-10.941514281396403j)
